time_s,aperiodic,periodic_Ng1,periodic_Ng1_wo_depletion,periodic_Ng4,periodic_Ng4_wo_depletion
0.0000,0.0000,0.0000,0.0000,0.0000,0.0000
0.5000,0.2186,0.0002,0.0002,0.0000,0.0000
1.0000,0.5379,0.2088,0.2788,0.0000,0.0000
1.5000,0.8661,0.3705,0.5780,0.0163,0.0163
2.0000,1.1976,0.4961,0.8728,0.1313,0.1414
2.5000,1.5319,0.6481,1.1572,0.3882,0.4523
3.0000,1.8654,0.8298,1.4343,0.6175,0.7608
3.5000,2.1996,1.0266,1.7253,0.8144,1.0646
4.0000,2.5332,1.2381,2.0152,0.9824,1.3708
4.5000,2.8748,1.4615,2.3097,1.1326,1.6708
5.0000,3.2055,1.6910,2.6020,1.2467,1.9706
5.5000,3.5435,1.9328,2.8881,1.3543,2.2702
6.0000,3.8809,2.2257,3.2261,1.4627,2.6148
6.5000,4.2112,2.4859,3.5150,1.5471,2.9164
7.0000,4.5432,2.7464,3.8073,1.6433,3.2093
7.5000,4.8769,3.0162,4.0984,1.7417,3.5125
8.0000,5.2135,3.3061,4.3884,1.8494,3.8015
8.5000,5.5421,3.5952,4.6825,1.9726,4.0962
9.0000,5.8781,3.8766,4.9802,2.1136,4.3909
9.5000,6.2116,4.1580,5.2782,2.2675,4.6881
10.0000,6.5532,4.4359,5.5820,2.4352,4.9852
10.5000,6.8844,4.7088,5.8815,2.6349,5.2862
11.0000,7.2161,5.0303,6.2396,2.8786,5.6340
11.5000,7.5565,5.3104,6.5413,3.0985,5.9244
12.0000,7.8916,5.5913,6.8448,3.3482,6.2283
12.5000,8.2300,5.8644,7.1505,3.5963,6.5138
13.0000,8.5645,6.1447,7.4423,3.8584,6.8195
13.5000,8.8962,6.4282,7.7360,4.1255,7.1065
14.0000,9.2265,6.7122,8.0323,4.3958,7.4084
14.5000,9.5703,7.0036,8.3266,4.6693,7.6936
15.0000,9.9094,7.2819,8.6200,4.9403,7.9907
15.5000,10.2452,7.5663,8.9185,5.2206,8.2721
16.0000,10.5847,7.8395,9.2234,5.4978,8.5732
16.5000,10.9215,8.1573,9.5682,5.8163,8.9026
17.0000,11.2543,8.4257,9.8695,6.0882,9.2020
17.5000,11.5913,8.6960,10.1680,6.3638,9.4925
18.0000,11.9254,8.9524,10.4677,6.6383,9.7809
18.5000,12.2675,9.2161,10.7634,6.9182,10.0744
19.0000,12.6056,9.4801,11.0676,7.1963,10.3656
19.5000,12.9440,9.7391,11.3731,7.4715,10.6571
20.0000,13.2856,10.0033,11.6774,7.7463,10.9458
20.5000,13.6201,10.2658,11.9746,8.0296,11.2353
21.0000,13.9557,10.5296,12.2771,8.3120,11.5286
21.5000,14.2923,10.8323,12.6257,8.6412,11.8659
22.0000,14.6248,11.0893,12.9227,8.9240,12.1377
22.5000,14.9574,11.3430,13.2225,9.2116,12.4354
23.0000,15.2895,11.6093,13.5164,9.4872,12.7173
23.5000,15.6280,11.8693,13.8115,9.7758,13.0266
24.0000,15.9667,12.1313,14.1117,10.0507,13.3037
24.5000,16.3034,12.3921,14.4104,10.3504,13.6087
25.0000,16.6374,12.6418,14.7109,10.6299,13.8937
25.5000,16.9773,12.8904,15.0125,10.9266,14.1924
26.0000,17.3118,13.1386,15.3215,11.2202,14.4874
26.5000,17.6488,13.4312,15.6860,11.5698,14.8418
27.0000,17.9819,13.6797,15.9901,11.8617,15.1285
27.5000,18.3231,13.9226,16.3027,12.1567,15.4306
28.0000,18.6616,14.1680,16.6105,12.4370,15.7212
28.5000,19.0044,14.4049,16.9215,12.7215,16.0210
29.0000,19.3405,14.6482,17.2276,13.0028,16.3139
29.5000,19.6794,14.8949,17.5375,13.2862,16.6114
30.0000,20.0159,15.1393,17.8374,13.5509,16.8997
30.5000,20.3501,15.3833,18.1463,13.8202,17.1900
31.0000,20.6850,15.6249,18.4584,14.0658,17.4638
31.5000,21.0241,15.9073,18.8224,14.3440,17.7822
32.0000,21.3542,16.1412,19.1355,14.5733,18.0760
32.5000,21.6876,16.3681,19.4309,14.7828,18.3302
33.0000,22.0247,16.5945,19.7156,15.0029,18.6198
33.5000,22.3659,16.8069,19.9901,15.2066,18.8717
34.0000,22.7034,17.0146,20.2327,15.4229,19.1560
34.5000,23.0343,17.2234,20.4546,15.6155,19.3996
35.0000,23.3687,17.4340,20.6615,15.8203,19.6789
35.5000,23.7062,17.6521,20.8578,16.0191,19.9076
36.0000,24.0423,17.8687,21.0426,16.2294,20.1791
36.5000,24.3785,18.0865,21.2282,16.4268,20.4171
37.0000,24.7124,18.3336,21.4529,16.6826,20.7534
37.5000,25.0503,18.5519,21.6472,16.8825,21.0062
38.0000,25.3836,18.7602,21.8401,17.1062,21.2847
38.5000,25.7174,18.9706,22.0294,17.3075,21.5304
39.0000,26.0581,19.1852,22.2163,17.5322,21.8019
39.5000,26.3893,19.3981,22.3897,17.7234,22.0333
40.0000,26.7275,19.6145,22.5569,17.9351,22.2935
40.5000,27.0594,19.8289,22.7220,18.1280,22.5194
41.0000,27.3910,20.0391,22.8878,18.3414,22.7629
41.5000,27.7287,20.2415,23.0408,18.5365,22.9839
42.0000,28.0580,20.4776,23.2154,18.7619,23.2465
42.5000,28.3898,20.6852,23.3630,18.9789,23.5073
43.0000,28.7297,20.8906,23.5328,19.1612,23.7130
43.5000,29.0637,21.1305,23.7321,19.3701,23.9643
44.0000,29.4009,21.4324,24.0153,19.5319,24.1493
44.5000,29.7326,21.7408,24.3256,19.7389,24.3930
45.0000,30.0683,22.0324,24.6147,19.8959,24.5616
45.5000,30.4045,22.3181,24.9085,20.1056,24.7954
46.0000,30.7453,22.5916,25.2084,20.2556,24.9621
46.5000,31.0827,22.8678,25.5084,20.4634,25.1942
47.0000,31.4180,23.1785,25.8584,20.6619,25.3985
47.5000,31.7465,23.4361,26.1514,20.8427,25.5922
48.0000,32.0844,23.6940,26.4507,21.0233,25.7853
48.5000,32.4164,23.9505,26.7436,21.2190,25.9802
49.0000,32.7447,24.2104,27.0389,21.4027,26.1796
49.5000,33.0823,24.4689,27.3368,21.5921,26.3808
50.0000,33.4160,24.7266,27.6364,21.7738,26.5822
50.5000,33.7465,24.9848,27.9361,21.9594,26.7771
51.0000,34.0792,25.2394,28.2342,22.1444,26.9681
51.5000,34.4203,25.4961,28.5290,22.3270,27.1500
52.0000,34.7506,25.7995,28.8839,22.5435,27.3778
52.5000,35.0860,26.0664,29.1794,22.6955,27.5236
53.0000,35.4160,26.3288,29.4762,22.8970,27.7331
53.5000,35.7444,26.5924,29.7605,23.0498,27.8802
54.0000,36.0761,26.8575,30.0498,23.2450,28.0926
54.5000,36.4077,27.1230,30.3318,23.3843,28.2443
55.0000,36.7391,27.3913,30.6120,23.5678,28.4450
55.5000,37.0710,27.6607,30.8764,23.6993,28.5806
56.0000,37.3945,27.9181,31.0951,23.8814,28.7690
56.5000,37.7287,28.1635,31.2915,24.0096,28.8945
57.0000,38.0581,28.3940,31.4465,24.1742,29.0806
57.5000,38.3914,28.6310,31.5949,24.3345,29.2516
58.0000,38.7212,28.8112,31.6983,24.4787,29.3905
58.5000,39.0450,28.9798,31.8119,24.6204,29.5494
59.0000,39.3712,29.1322,31.9205,24.7651,29.6846
59.5000,39.6997,29.2658,32.0316,24.9026,29.8467
60.0000,40.0305,29.4121,32.1424,25.0464,29.9834
60.5000,40.3552,29.5523,32.2505,25.1856,30.1422
61.0000,40.6801,29.7010,32.3508,25.3390,30.2725
61.5000,41.0088,29.8475,32.4526,25.4820,30.4381
62.0000,41.3327,29.9858,32.5526,25.6315,30.5816
62.5000,41.6647,30.1561,32.6740,25.8116,30.7829
63.0000,41.9856,30.3017,32.7734,25.9383,30.9126
63.5000,42.3087,30.4471,32.8757,26.1089,31.0970
64.0000,42.6357,30.5888,32.9781,26.2355,31.2337
64.5000,42.9607,30.7235,33.0774,26.3969,31.4181
65.0000,43.2917,30.8596,33.1778,26.5253,31.5509
65.5000,43.6064,30.9876,33.2796,26.7000,31.7213
66.0000,43.9306,31.1214,33.3724,26.8331,31.8489
66.5000,44.2588,31.2548,33.4690,26.9986,32.0182
67.0000,44.5789,31.3832,33.5664,27.1232,32.1363
67.5000,44.9109,31.5419,33.6685,27.2941,32.3162
68.0000,45.2288,31.6757,33.7622,27.4369,32.4667
68.5000,45.5498,31.8090,33.8569,27.5885,32.5957
69.0000,45.8765,31.9387,33.9515,27.7335,32.7439
69.5000,46.1952,32.0653,34.0376,27.8923,32.8631
70.0000,46.5206,32.1936,34.1337,28.0316,33.0033
70.5000,46.8449,32.3247,34.2213,28.1778,33.1235
71.0000,47.1632,32.4494,34.3150,28.3256,33.2502
71.5000,47.4874,32.5757,34.4027,28.4706,33.3649
72.0000,47.8116,32.6925,34.4942,28.6165,33.4802
72.5000,48.1353,32.8300,34.6027,28.7691,33.6008
73.0000,48.4579,32.9486,34.6911,28.9331,33.7273
73.5000,48.7849,33.0675,34.7861,29.0597,33.8277
74.0000,49.1026,33.1819,34.8782,29.2248,33.9666
74.5000,49.4249,33.2963,34.9685,29.3670,34.0875
75.0000,49.7523,33.4109,35.0523,29.5670,34.2654
75.5000,50.0719,33.5159,35.1460,29.7250,34.4179
76.0000,50.3992,33.6249,35.2377,29.9412,34.6366
76.5000,50.7165,33.7391,35.3285,30.1022,34.7965
77.0000,51.0433,33.8483,35.4237,30.3090,35.0076
77.5000,51.3633,33.9538,35.5173,30.4555,35.1600
78.0000,51.6873,34.0790,35.6230,30.6701,35.3713
78.5000,52.0073,34.1791,35.7157,30.8321,35.5345
79.0000,52.3352,34.2862,35.8062,30.9885,35.6773
79.5000,52.6604,34.3890,35.8949,31.1452,35.8307
80.0000,52.9832,34.4944,35.9937,31.2854,35.9609
80.5000,53.3000,34.5928,36.0878,31.4442,36.1038
81.0000,53.6266,34.6944,36.1780,31.5821,36.2093
81.5000,53.9514,34.7934,36.2704,31.7304,36.3377
82.0000,54.2742,34.8994,36.3572,31.8642,36.4386
82.5000,54.6011,35.0030,36.4455,32.0028,36.5530
83.0000,54.9223,35.1160,36.5513,32.1433,36.6604
83.5000,55.2415,35.2202,36.6436,32.2873,36.7696
84.0000,55.5638,35.3169,36.7380,32.3981,36.8607
84.5000,55.8867,35.4127,36.8278,32.5420,36.9640
85.0000,56.2141,35.5070,36.9197,32.6527,37.0497
85.5000,56.5380,35.6009,37.0094,32.7985,37.1500
86.0000,56.8589,35.6964,37.1033,32.9107,37.2354
86.5000,57.1820,35.7849,37.1929,33.0487,37.3379
87.0000,57.5004,35.8684,37.2839,33.1595,37.4254
87.5000,57.8215,35.9598,37.3728,33.3003,37.5280
88.0000,58.1395,36.0631,37.4781,33.4444,37.6354
88.5000,58.4589,36.1596,37.5770,33.5615,37.7176
89.0000,58.7819,36.2648,37.6755,33.6958,37.8162
89.5000,59.1046,36.3700,37.7659,33.7998,37.9034
90.0000,59.4175,36.4735,37.8553,33.9278,37.9975
90.5000,59.7373,36.5718,37.9506,34.0317,38.0831
91.0000,60.0581,36.6746,38.0388,34.1586,38.1781
91.5000,60.3720,36.7760,38.1317,34.2596,38.2611
92.0000,60.6874,36.8780,38.2240,34.3806,38.3579
92.5000,61.0087,36.9865,38.3108,34.4854,38.4425
93.0000,61.3198,37.1134,38.4231,34.6294,38.5502
93.5000,61.6360,37.2227,38.5174,34.7315,38.6373
94.0000,61.9497,37.3287,38.6166,34.8658,38.7406
94.5000,62.2611,37.4340,38.7057,34.9655,38.8281
95.0000,62.5670,37.5385,38.8000,35.0948,38.9306
95.5000,62.8711,37.6447,38.8941,35.1907,39.0140
96.0000,63.1740,37.7490,38.9841,35.3187,39.1150
96.5000,63.4766,37.8527,39.0757,35.4194,39.2066
97.0000,63.7774,37.9559,39.1666,35.5465,39.3102
97.5000,64.0785,38.0651,39.2532,35.6470,39.3992
98.0000,64.3744,38.1752,39.3434,35.7747,39.5109
98.5000,64.6655,38.2909,39.4466,35.9076,39.6229
99.0000,64.9590,38.3998,39.5412,36.0137,39.7155
99.5000,65.2543,38.5057,39.6263,36.1327,39.8184
100.0000,65.5456,38.6078,39.7139,36.2390,39.9122
100.5000,65.8269,38.7084,39.7999,36.3549,40.0103
101.0000,66.1091,38.8081,39.8861,36.4603,40.0960
101.5000,66.3890,38.9055,39.9674,36.5727,40.1992
102.0000,66.6664,39.0100,40.0588,36.6780,40.2887
102.5000,66.9346,39.1071,40.1452,36.7957,40.3805
103.0000,67.2093,39.2075,40.2302,36.8998,40.4539
103.5000,67.4739,39.3276,40.3279,37.0335,40.5597
104.0000,67.7352,39.4270,40.4098,37.1214,40.6406
104.5000,68.0028,39.5229,40.4920,37.2443,40.7302
105.0000,68.2580,39.6233,40.5739,37.3392,40.8026
105.5000,68.5140,39.7121,40.6545,37.4492,40.8883
106.0000,68.7629,39.8040,40.7256,37.5448,40.9599
106.5000,69.0084,39.9010,40.8009,37.6719,41.0476
107.0000,69.2524,40.0036,40.8711,37.7638,41.1214
107.5000,69.4900,40.0886,40.9493,37.8891,41.2049
108.0000,69.7223,40.1793,41.0250,37.9814,41.2751
108.5000,69.9565,40.2910,41.1120,38.1202,41.3766
109.0000,70.1902,40.3815,41.1885,38.2296,41.4550
109.5000,70.4286,40.4739,41.2682,38.3244,41.5331
110.0000,70.6569,40.5603,41.3380,38.4314,41.6140
110.5000,70.8826,40.6481,41.4106,38.5236,41.6871
111.0000,71.0971,40.7306,41.4868,38.6351,41.7702
111.5000,71.3265,40.8139,41.5573,38.7341,41.8464
112.0000,71.5424,40.8975,41.6290,38.8294,41.9276
112.5000,71.7566,40.9756,41.7025,38.9278,42.0036
113.0000,71.9758,41.0557,41.7735,39.0297,42.0786
113.5000,72.1928,41.1450,41.8645,39.1292,42.1620
114.0000,72.4084,41.2184,41.9296,39.2392,42.2427
114.5000,72.6193,41.2919,41.9929,39.3278,42.3156
115.0000,72.8295,41.3725,42.0659,39.4372,42.4003
115.5000,73.0300,41.4459,42.1361,39.5216,42.4718
116.0000,73.2373,41.5189,42.2083,39.6304,42.5535
116.5000,73.4468,41.5878,42.2777,39.7171,42.6263
117.0000,73.6416,41.6650,42.3472,39.8211,42.7064
117.5000,73.8459,41.7426,42.4161,39.9065,42.7778
118.0000,74.0513,41.8208,42.4935,40.0170,42.8563
118.5000,74.2475,41.8917,42.5655,40.0961,42.9295
119.0000,74.4454,41.9855,42.6468,40.2125,43.0264
119.5000,74.6439,42.0619,42.7185,40.3069,43.1034
120.0000,74.8311,42.1282,42.7917,40.3958,43.1799
120.5000,75.0274,42.1951,42.8612,40.4899,43.2616
121.0000,75.2211,42.2738,42.9342,40.5748,43.3391
121.5000,75.4115,42.3419,43.0019,40.6701,43.4205
122.0000,75.5979,42.4189,43.0736,40.7605,43.4961
122.5000,75.7771,42.4863,43.1383,40.8586,43.5804
123.0000,75.9663,42.5634,43.2110,40.9441,43.6577
123.5000,76.1602,42.6416,43.2808,41.0496,43.7396
124.0000,76.3396,42.7248,43.3649,41.1482,43.8314
124.5000,76.5208,42.7971,43.4339,41.2492,43.9196
125.0000,76.7041,42.8690,43.5010,41.3326,43.9975
125.5000,76.8839,42.9461,43.5719,41.4240,44.0875
126.0000,77.0612,43.0209,43.6401,41.5057,44.1610
126.5000,77.2360,43.0955,43.7110,41.5937,44.2366
127.0000,77.4102,43.1744,43.7858,41.6745,44.3083
127.5000,77.5886,43.2479,43.8584,41.7691,44.3837
128.0000,77.7651,43.3188,43.9307,41.8495,44.4568
128.5000,77.9439,43.3913,43.9992,41.9396,44.5350
129.0000,78.1143,43.4784,44.0838,42.0422,44.6191
129.5000,78.2871,43.5533,44.1573,42.1223,44.6936
130.0000,78.4598,43.6242,44.2288,42.2173,44.7609
130.5000,78.6262,43.6936,44.3007,42.3014,44.8290
131.0000,78.7968,43.7671,44.3648,42.3923,44.9018
131.5000,78.9621,43.8370,44.4395,42.4775,44.9705
132.0000,79.1328,43.9097,44.5069,42.5737,45.0463
132.5000,79.2965,43.9788,44.5755,42.6540,45.1198
133.0000,79.4538,44.0504,44.6413,42.7450,45.1920
133.5000,79.6144,44.1179,44.7084,42.8274,45.2576
134.0000,79.7796,44.1993,44.7916,42.9290,45.3400
134.5000,79.9392,44.2783,44.8536,43.0104,45.4063
135.0000,80.1039,44.3495,44.9198,43.0935,45.4798
135.5000,80.2754,44.4166,44.9930,43.1646,45.5470
136.0000,80.4347,44.4844,45.0654,43.2490,45.6147
136.5000,80.5869,44.5573,45.1309,43.3251,45.6747
137.0000,80.7469,44.6267,45.1993,43.4173,45.7441
137.5000,80.9072,44.6911,45.2707,43.4900,45.8019
138.0000,81.0585,44.7629,45.3341,43.5728,45.8716
138.5000,81.2069,44.8353,45.4010,43.6436,45.9365
139.0000,81.3632,44.9057,45.4668,43.7342,46.0046
139.5000,81.5219,44.9830,45.5460,43.8304,46.0810
140.0000,81.6746,45.0532,45.6147,43.9038,46.1406
140.5000,81.8161,45.1232,45.6777,43.9859,46.2059
141.0000,81.9581,45.1903,45.7454,44.0655,46.2714
141.5000,82.1054,45.2537,45.8137,44.1500,46.3380
142.0000,82.2481,45.3192,45.8803,44.2233,46.4017
142.5000,82.3975,45.3884,45.9394,44.3048,46.4666
143.0000,82.5423,45.4513,46.0043,44.3795,46.5286
143.5000,82.6918,45.5154,46.0707,44.4657,46.5915
144.0000,82.8332,45.5858,46.1364,44.5364,46.6547
144.5000,82.9742,45.6655,46.2083,44.6302,46.7306
145.0000,83.1171,45.7320,46.2750,44.6985,46.7920
145.5000,83.2534,45.7994,46.3402,44.7816,46.8594
146.0000,83.3858,45.8636,46.4102,44.8498,46.9181
146.5000,83.5276,45.9234,46.4710,44.9298,46.9832
147.0000,83.6648,45.9895,46.5320,44.9964,47.0419
147.5000,83.8008,46.0595,46.5952,45.0728,47.1059
148.0000,83.9289,46.1290,46.6598,45.1405,47.1668
148.5000,84.0695,46.1995,46.7242,45.2179,47.2316
149.0000,84.2098,46.2707,46.7856,45.2904,47.2841
149.5000,84.3371,46.3473,46.8635,45.3788,47.3562
150.0000,84.4577,46.4132,46.9320,45.4568,47.4160
150.5000,84.5944,46.4816,46.9960,45.5261,47.4747
151.0000,84.7220,46.5477,47.0612,45.6015,47.5294
151.5000,84.8562,46.6112,47.1254,45.6712,47.5916
152.0000,84.9871,46.6783,47.1920,45.7446,47.6557
152.5000,85.1161,46.7476,47.2559,45.8160,47.7196
153.0000,85.2443,46.8197,47.3194,45.8934,47.7817
153.5000,85.3714,46.8860,47.3879,45.9677,47.8442
154.0000,85.4956,46.9511,47.4547,46.0428,47.9036
154.5000,85.6186,47.0306,47.5316,46.1273,47.9770
155.0000,85.7421,47.0965,47.5916,46.2011,48.0400
155.5000,85.8628,47.1566,47.6538,46.2712,48.0966
156.0000,85.9865,47.2229,47.7191,46.3445,48.1564
156.5000,86.1140,47.2842,47.7793,46.4125,48.2142
157.0000,86.2345,47.3471,47.8420,46.4898,48.2817
157.5000,86.3536,47.4099,47.9115,46.5608,48.3435
158.0000,86.4715,47.4770,47.9702,46.6387,48.4093
158.5000,86.5817,47.5434,48.0275,46.7115,48.4693
159.0000,86.7032,47.6112,48.0921,46.7862,48.5340
159.5000,86.8139,47.6798,48.1566,46.8548,48.5904
160.0000,86.9273,47.7559,48.2295,46.9399,48.6627
160.5000,87.0434,47.8234,48.2892,47.0094,48.7223
161.0000,87.1550,47.8827,48.3591,47.0749,48.7892
161.5000,87.2649,47.9492,48.4264,47.1524,48.8551
162.0000,87.3801,48.0131,48.4857,47.2196,48.9224
162.5000,87.4919,48.0781,48.5479,47.2922,48.9817
163.0000,87.6016,48.1422,48.6108,47.3633,49.0427
163.5000,87.7100,48.2017,48.6725,47.4348,49.1076
164.0000,87.8258,48.2710,48.7371,47.5074,49.1736
164.5000,87.9336,48.3337,48.8029,47.5818,49.2316
165.0000,88.0373,48.4080,48.8720,47.6615,49.3003
165.5000,88.1360,48.4717,48.9345,47.7287,49.3631
166.0000,88.2502,48.5338,48.9930,47.7944,49.4207
166.5000,88.3578,48.5942,49.0560,47.8624,49.4774
167.0000,88.4645,48.6596,49.1188,47.9318,49.5365
167.5000,88.5717,48.7216,49.1803,48.0001,49.5963
168.0000,88.6706,48.7860,49.2337,48.0694,49.6613
168.5000,88.7759,48.8512,49.2932,48.1395,49.7222
169.0000,88.8782,48.9236,49.3553,48.2092,49.7885
169.5000,88.9750,48.9890,49.4166,48.2806,49.8520
170.0000,89.0773,49.0683,49.4921,48.3632,49.9220
170.5000,89.1774,49.1290,49.5593,48.4289,49.9843
171.0000,89.2826,49.1931,49.6239,48.4994,50.0456
171.5000,89.3781,49.2603,49.6837,48.5640,50.1086
172.0000,89.4746,49.3196,49.7482,48.6342,50.1676
172.5000,89.5729,49.3804,49.8080,48.7035,50.2275
173.0000,89.6679,49.4431,49.8696,48.7731,50.2896
173.5000,89.7655,49.5064,49.9308,48.8417,50.3532
174.0000,89.8609,49.5659,49.9907,48.9165,50.4155
174.5000,89.9531,49.6287,50.0452,48.9841,50.4726
175.0000,90.0472,49.6983,50.1165,49.0683,50.5458
175.5000,90.1404,49.7606,50.1766,49.1379,50.6077
176.0000,90.2332,49.8238,50.2385,49.2077,50.6707
176.5000,90.3278,49.8830,50.2941,49.2700,50.7246
177.0000,90.4173,49.9470,50.3556,49.3407,50.7880
177.5000,90.5119,50.0089,50.4144,49.4020,50.8486
178.0000,90.6046,50.0702,50.4739,49.4741,50.9100
178.5000,90.6903,50.1278,50.5327,49.5426,50.9737
179.0000,90.7816,50.1846,50.5934,49.6095,51.0352
179.5000,90.8666,50.2490,50.6577,49.6733,51.0966
180.0000,90.9570,50.3072,50.7159,49.7419,51.1570
180.5000,91.0433,50.3746,50.7846,49.8139,51.2295
181.0000,91.1276,50.4380,50.8467,49.8792,51.2886
181.5000,91.2129,50.4958,50.9049,49.9449,51.3522
182.0000,91.2974,50.5605,50.9583,50.0038,51.4088
182.5000,91.3745,50.6206,51.0153,50.0732,51.4725
183.0000,91.4572,50.6816,51.0772,50.1343,51.5294
183.5000,91.5413,50.7415,51.1350,50.1972,51.5823
184.0000,91.6258,50.8050,51.1966,50.2619,51.6351
184.5000,91.7065,50.8676,51.2554,50.3315,51.6932
185.0000,91.7878,50.9250,51.3119,50.3891,51.7536
185.5000,91.8693,50.9921,51.3827,50.4671,51.8209
186.0000,91.9575,51.0443,51.4442,50.5224,51.8781
186.5000,92.0408,51.1056,51.5034,50.5843,51.9444
187.0000,92.1202,51.1621,51.5649,50.6449,51.9987
187.5000,92.2004,51.2282,51.6217,50.7092,52.0573
188.0000,92.2818,51.2851,51.6761,50.7722,52.1149
188.5000,92.3559,51.3438,51.7348,50.8400,52.1760
189.0000,92.4367,51.4047,51.7888,50.8979,52.2327
189.5000,92.5196,51.4594,51.8442,50.9581,52.2849
190.0000,92.5987,51.5202,51.9033,51.0212,52.3386
190.5000,92.6803,51.5929,51.9710,51.0935,52.4062
191.0000,92.7597,51.6484,52.0262,51.1577,52.4594
191.5000,92.8361,51.7098,52.0823,51.2134,52.5151
192.0000,92.9121,51.7730,52.1369,51.2775,52.5732
192.5000,92.9895,51.8310,52.1958,51.3403,52.6328
193.0000,93.0612,51.8930,52.2534,51.4011,52.6870
193.5000,93.1346,51.9552,52.3093,51.4619,52.7413
194.0000,93.2097,52.0149,52.3656,51.5215,52.7977
194.5000,93.2809,52.0744,52.4212,51.5815,52.8600
195.0000,93.3556,52.1360,52.4821,51.6436,52.9172
195.5000,93.4268,52.2054,52.5493,51.7165,52.9767
196.0000,93.4957,52.2632,52.6082,51.7804,53.0323
196.5000,93.5670,52.3168,52.6659,51.8363,53.0872
197.0000,93.6421,52.3736,52.7244,51.8997,53.1447
197.5000,93.7112,52.4308,52.7843,51.9593,53.1978
198.0000,93.7862,52.4941,52.8416,52.0247,53.2561
198.5000,93.8551,52.5490,52.8955,52.0825,53.3081
199.0000,93.9259,52.6114,52.9499,52.1420,53.3618
199.5000,93.9986,52.6673,53.0036,52.1991,53.4203
200.0000,94.0703,52.7289,53.0578,52.2647,53.4733
200.5000,94.1357,52.7851,53.1216,52.3239,53.5291
201.0000,94.2004,52.8487,53.1884,52.3957,53.5873
201.5000,94.2655,52.9067,53.2457,52.4573,53.6402
202.0000,94.3336,52.9638,53.3021,52.5118,53.6937
202.5000,94.3985,53.0232,53.3585,52.5698,53.7499
203.0000,94.4646,53.0799,53.4133,52.6273,53.8027
203.5000,94.5298,53.1384,53.4692,52.6879,53.8615
204.0000,94.5964,53.1948,53.5278,52.7463,53.9123
204.5000,94.6592,53.2524,53.5837,52.8064,53.9678
205.0000,94.7222,53.3079,53.6379,52.8641,54.0248
205.5000,94.7841,53.3634,53.6935,52.9181,54.0798
206.0000,94.8430,53.4332,53.7563,52.9843,54.1412
206.5000,94.9068,53.4886,53.8137,53.0463,54.1938
207.0000,94.9706,53.5432,53.8677,53.1026,54.2446
207.5000,95.0313,53.6060,53.9233,53.1573,54.2953
208.0000,95.0928,53.6636,53.9767,53.2166,54.3472
208.5000,95.1536,53.7245,54.0352,53.2760,54.3998
209.0000,95.2099,53.7759,54.0885,53.3346,54.4515
209.5000,95.2667,53.8345,54.1452,53.3969,54.5041
210.0000,95.3211,53.8898,54.2020,53.4547,54.5547
210.5000,95.3715,53.9414,54.2596,53.5111,54.6062
211.0000,95.4238,54.0085,54.3245,53.5752,54.6646
211.5000,95.4772,54.0688,54.3785,53.6305,54.7158
212.0000,95.5350,54.1242,54.4291,53.6885,54.7699
212.5000,95.5861,54.1806,54.4810,53.7444,54.8248
213.0000,95.6347,54.2382,54.5340,53.8067,54.8788
213.5000,95.6832,54.2975,54.5897,53.8606,54.9276
214.0000,95.7349,54.3514,54.6429,53.9212,54.9757
214.5000,95.7849,54.4063,54.6986,53.9778,55.0291
215.0000,95.8386,54.4674,54.7513,54.0332,55.0835
215.5000,95.8877,54.5242,54.8069,54.0856,55.1404
216.0000,95.9394,54.5900,54.8718,54.1531,55.2017
216.5000,95.9902,54.6479,54.9254,54.2096,55.2488
217.0000,96.0371,54.7077,54.9792,54.2705,55.3008
217.5000,96.0812,54.7594,55.0339,54.3282,55.3492
218.0000,96.1284,54.8134,55.0914,54.3834,55.4015
218.5000,96.1764,54.8691,55.1463,54.4349,55.4505
219.0000,96.2177,54.9239,55.2035,54.4959,55.5071
219.5000,96.2631,54.9785,55.2580,54.5485,55.5606
220.0000,96.3089,55.0347,55.3141,54.6046,55.6137
220.5000,96.3522,55.0845,55.3605,54.6604,55.6620
221.0000,96.3954,55.1428,55.4179,54.7202,55.7173
221.5000,96.4374,55.2061,55.4831,54.7884,55.7798
222.0000,96.4783,55.2573,55.5356,54.8466,55.8272
222.5000,96.5222,55.3066,55.5860,54.8993,55.8787
223.0000,96.5644,55.3613,55.6430,54.9552,55.9291
223.5000,96.6066,55.4122,55.6917,55.0098,55.9835
224.0000,96.6505,55.4640,55.7450,55.0648,56.0338
224.5000,96.6949,55.5173,55.7970,55.1204,56.0916
225.0000,96.7385,55.5704,55.8472,55.1734,56.1423
225.5000,96.7777,55.6242,55.8960,55.2297,56.1912
226.0000,96.8207,55.6782,55.9480,55.2807,56.2423
226.5000,96.8620,55.7381,56.0088,55.3458,56.3029
227.0000,96.9020,55.7924,56.0601,55.4015,56.3537
227.5000,96.9426,55.8484,56.1100,55.4479,56.4044
228.0000,96.9813,55.9035,56.1581,55.5018,56.4534
228.5000,97.0260,55.9618,56.2142,55.5524,56.5060
229.0000,97.0661,56.0161,56.2631,55.6028,56.5591
229.5000,97.1070,56.0724,56.3166,55.6572,56.6140
230.0000,97.1465,56.1265,56.3651,55.7060,56.6593
230.5000,97.1869,56.1799,56.4173,55.7625,56.7130
231.0000,97.2279,56.2309,56.4704,55.8195,56.7571
231.5000,97.2671,56.2946,56.5335,55.8810,56.8179
232.0000,97.3042,56.3550,56.5841,55.9322,56.8664
232.5000,97.3392,56.4102,56.6363,55.9904,56.9185
233.0000,97.3780,56.4676,56.6951,56.0494,56.9703
233.5000,97.4160,56.5226,56.7421,56.1052,57.0215
234.0000,97.4507,56.5776,56.7962,56.1628,57.0718
234.5000,97.4866,56.6319,56.8475,56.2170,57.1190
235.0000,97.5254,56.6849,56.9025,56.2738,57.1650
235.5000,97.5644,56.7370,56.9597,56.3270,57.2179
236.0000,97.6009,56.7899,57.0126,56.3779,57.2668
236.5000,97.6389,56.8539,57.0760,56.4414,57.3284
237.0000,97.6760,56.9051,57.1267,56.4975,57.3770
237.5000,97.7121,56.9605,57.1775,56.5508,57.4266
238.0000,97.7472,57.0125,57.2324,56.6051,57.4766
238.5000,97.7790,57.0689,57.2862,56.6644,57.5267
239.0000,97.8124,57.1229,57.3387,56.7150,57.5790
239.5000,97.8473,57.1719,57.3902,56.7720,57.6286
240.0000,97.8796,57.2228,57.4453,56.8233,57.6873
240.5000,97.9123,57.2726,57.4950,56.8761,57.7339
241.0000,97.9415,57.3272,57.5450,56.9310,57.7893
241.5000,97.9786,57.3785,57.5936,56.9842,57.8350
242.0000,98.0070,57.4468,57.6542,57.0505,57.8942
242.5000,98.0384,57.4991,57.7079,57.1029,57.9432
243.0000,98.0742,57.5549,57.7536,57.1578,57.9941
243.5000,98.1088,57.6031,57.8048,57.2089,58.0461
244.0000,98.1406,57.6567,57.8598,57.2566,58.0986
244.5000,98.1693,57.7051,57.9146,57.3137,58.1516
245.0000,98.2008,57.7587,57.9645,57.3675,58.2078
245.5000,98.2337,57.8103,58.0189,57.4173,58.2598
246.0000,98.2637,57.8625,58.0679,57.4735,58.3160
246.5000,98.2913,57.9156,58.1193,57.5280,58.3709
247.0000,98.3234,57.9731,58.1779,57.5925,58.4344
247.5000,98.3498,58.0270,58.2289,57.6452,58.4878
248.0000,98.3797,58.0752,58.2778,57.6971,58.5413
248.5000,98.4056,58.1229,58.3302,57.7482,58.5949
249.0000,98.4306,58.1755,58.3830,57.7929,58.6453
249.5000,98.4618,58.2306,58.4309,57.8507,58.6953
250.0000,98.4913,58.2796,58.4802,57.8951,58.7473
250.5000,98.5197,58.3334,58.5247,57.9491,58.8001
251.0000,98.5448,58.3931,58.5744,58.0005,58.8490
251.5000,98.5726,58.4478,58.6215,58.0545,58.8994
252.0000,98.6002,58.5100,58.6833,58.1158,58.9619
252.5000,98.6238,58.5599,58.7366,58.1628,59.0123
253.0000,98.6456,58.6068,58.7931,58.2087,59.0599
253.5000,98.6667,58.6561,58.8395,58.2659,59.1128
254.0000,98.6873,58.7094,58.8903,58.3181,59.1618
254.5000,98.7118,58.7602,58.9423,58.3704,59.2137
255.0000,98.7342,58.8130,58.9963,58.4285,59.2598
255.5000,98.7555,58.8607,59.0416,58.4795,59.3155
256.0000,98.7739,58.9140,59.0880,58.5379,59.3669
256.5000,98.7922,58.9719,59.1372,58.5900,59.4113
257.0000,98.8093,59.0318,59.1895,58.6479,59.4676
257.5000,98.8271,59.0863,59.2435,58.6961,59.5177
258.0000,98.8440,59.1403,59.2916,58.7448,59.5670
258.5000,98.8606,59.1909,59.3433,58.7937,59.6186
259.0000,98.8789,59.2461,59.3953,58.8454,59.6688
259.5000,98.8955,59.3023,59.4444,58.8926,59.7234
260.0000,98.9115,59.3501,59.4949,58.9469,59.7732
260.5000,98.9258,59.4018,59.5455,58.9966,59.8238
261.0000,98.9402,59.4495,59.5933,59.0529,59.8716
261.5000,98.9551,59.4957,59.6441,59.1047,59.9162
262.0000,98.9739,59.5461,59.6992,59.1637,59.9705
262.5000,98.9887,59.6013,59.7556,59.2264,60.0292
263.0000,99.0029,59.6542,59.8067,59.2772,60.0735
263.5000,99.0156,59.7035,59.8556,59.3330,60.1238
264.0000,99.0265,59.7494,59.9035,59.3868,60.1745
264.5000,99.0391,59.7996,59.9518,59.4424,60.2266
265.0000,99.0527,59.8522,59.9976,59.4929,60.2752
265.5000,99.0650,59.9048,60.0457,59.5391,60.3230
266.0000,99.0765,59.9573,60.0962,59.5856,60.3736
266.5000,99.0906,59.9993,60.1442,59.6345,60.4220
267.0000,99.1038,60.0504,60.1923,59.6832,60.4715
267.5000,99.1167,60.1065,60.2473,59.7413,60.5258
268.0000,99.1270,60.1524,60.2923,59.7908,60.5718
268.5000,99.1398,60.2002,60.3405,59.8391,60.6231
269.0000,99.1517,60.2492,60.3874,59.8869,60.6694
269.5000,99.1607,60.2978,60.4363,59.9402,60.7230
270.0000,99.1733,60.3478,60.4794,59.9897,60.7716
270.5000,99.1824,60.3947,60.5262,60.0392,60.8224
271.0000,99.1964,60.4437,60.5703,60.0862,60.8719
271.5000,99.2083,60.4945,60.6167,60.1328,60.9204
272.0000,99.2220,60.5463,60.6612,60.1812,60.9691
272.5000,99.2327,60.6003,60.7128,60.2407,61.0293
273.0000,99.2448,60.6473,60.7637,60.2882,61.0784
273.5000,99.2543,60.6955,60.8127,60.3378,61.1282
274.0000,99.2645,60.7439,60.8610,60.3895,61.1765
274.5000,99.2749,60.7959,60.9091,60.4345,61.2223
275.0000,99.2858,60.8422,60.9593,60.4857,61.2651
275.5000,99.2957,60.8891,61.0071,60.5371,61.3110
276.0000,99.3050,60.9408,61.0531,60.5826,61.3584
276.5000,99.3160,60.9918,61.1028,60.6326,61.4026
277.0000,99.3297,61.0464,61.1493,60.6810,61.4461
277.5000,99.3413,61.1038,61.2003,60.7360,61.5040
278.0000,99.3498,61.1547,61.2481,60.7859,61.5520
278.5000,99.3599,61.2035,61.2969,60.8316,61.5973
279.0000,99.3694,61.2527,61.3533,60.8816,61.6457
279.5000,99.3809,61.3011,61.3958,60.9307,61.6903
280.0000,99.3904,61.3531,61.4422,60.9790,61.7371
280.5000,99.4014,61.4050,61.4908,61.0270,61.7853
281.0000,99.4096,61.4530,61.5394,61.0777,61.8327
281.5000,99.4194,61.4977,61.5908,61.1287,61.8812
282.0000,99.4277,61.5462,61.6381,61.1821,61.9307
282.5000,99.4383,61.5941,61.6831,61.2318,61.9814
283.0000,99.4493,61.6490,61.7344,61.2897,62.0361
283.5000,99.4599,61.6971,61.7854,61.3381,62.0841
284.0000,99.4687,61.7442,61.8348,61.3842,62.1327
284.5000,99.4781,61.7917,61.8816,61.4350,62.1762
285.0000,99.4869,61.8369,61.9322,61.4819,62.2219
285.5000,99.4951,61.8810,61.9769,61.5309,62.2662
286.0000,99.5040,61.9335,62.0252,61.5801,62.3145
286.5000,99.5124,61.9802,62.0716,61.6278,62.3618
287.0000,99.5198,62.0327,62.1158,61.6744,62.4108
287.5000,99.5265,62.0826,62.1656,61.7211,62.4596
288.0000,99.5341,62.1418,62.2190,61.7783,62.5082
288.5000,99.5439,62.1921,62.2633,61.8264,62.5558
289.0000,99.5516,62.2417,62.3072,61.8717,62.5971
289.5000,99.5605,62.2912,62.3504,61.9226,62.6438
290.0000,99.5704,62.3414,62.4000,61.9703,62.6935
290.5000,99.5780,62.3904,62.4510,62.0193,62.7415
291.0000,99.5862,62.4360,62.4982,62.0656,62.7852
291.5000,99.5964,62.4935,62.5440,62.1156,62.8286
292.0000,99.6050,62.5406,62.5937,62.1653,62.8752
292.5000,99.6123,62.5899,62.6402,62.2195,62.9226
293.0000,99.6213,62.6411,62.6987,62.2761,62.9796
293.5000,99.6303,62.6886,62.7480,62.3237,63.0241
294.0000,99.6377,62.7327,62.7910,62.3746,63.0737
294.5000,99.6445,62.7783,62.8411,62.4223,63.1156
295.0000,99.6546,62.8274,62.8900,62.4727,63.1686
295.5000,99.6627,62.8743,62.9409,62.5191,63.2153
296.0000,99.6722,62.9207,62.9881,62.5707,63.2619
296.5000,99.6802,62.9697,63.0370,62.6204,63.3070
297.0000,99.6885,63.0140,63.0822,62.6688,63.3503
297.5000,99.6953,63.0642,63.1289,62.7158,63.3951
298.0000,99.7020,63.1147,63.1862,62.7698,63.4492
298.5000,99.7085,63.1604,63.2339,62.8136,63.4939
299.0000,99.7141,63.2122,63.2821,62.8629,63.5401
299.5000,99.7224,63.2563,63.3290,62.9097,63.5869
300.0000,99.7293,63.3049,63.3701,62.9577,63.6311
300.5000,99.7365,63.3513,63.4180,63.0052,63.6724
301.0000,99.7428,63.3980,63.4626,63.0534,63.7187
301.5000,99.7489,63.4514,63.5034,63.0970,63.7590
302.0000,99.7576,63.4976,63.5461,63.1445,63.8062
302.5000,99.7623,63.5422,63.5918,63.1937,63.8468
303.0000,99.7685,63.5860,63.6369,63.2405,63.8965
303.5000,99.7736,63.6425,63.6936,63.2918,63.9477
304.0000,99.7789,63.6892,63.7363,63.3386,63.9954
304.5000,99.7836,63.7341,63.7821,63.3856,64.0391
305.0000,99.7862,63.7791,63.8290,63.4327,64.0826
305.5000,99.7904,63.8221,63.8766,63.4795,64.1246
306.0000,99.7943,63.8705,63.9212,63.5282,64.1621
306.5000,99.7979,63.9161,63.9657,63.5777,64.2063
307.0000,99.8018,63.9613,64.0084,63.6274,64.2527
307.5000,99.8058,64.0082,64.0534,63.6692,64.2980
308.0000,99.8103,64.0553,64.0970,63.7114,64.3441
308.5000,99.8141,64.1064,64.1504,63.7654,64.3941
309.0000,99.8173,64.1479,64.1940,63.8123,64.4343
309.5000,99.8193,64.1946,64.2404,63.8624,64.4801
310.0000,99.8219,64.2438,64.2851,63.9061,64.5228
310.5000,99.8250,64.2905,64.3259,63.9501,64.5670
311.0000,99.8272,64.3344,64.3724,63.9957,64.6097
311.5000,99.8299,64.3839,64.4192,64.0414,64.6526
312.0000,99.8314,64.4314,64.4663,64.0905,64.6972
312.5000,99.8329,64.4803,64.5084,64.1379,64.7409
313.0000,99.8356,64.5272,64.5536,64.1823,64.7864
313.5000,99.8377,64.5750,64.6065,64.2305,64.8374
314.0000,99.8388,64.6215,64.6458,64.2727,64.8794
314.5000,99.8409,64.6653,64.6926,64.3231,64.9183
315.0000,99.8419,64.7129,64.7376,64.3671,64.9587
315.5000,99.8432,64.7607,64.7838,64.4162,65.0024
316.0000,99.8446,64.8028,64.8240,64.4596,65.0465
316.5000,99.8462,64.8459,64.8715,64.5104,65.0888
317.0000,99.8479,64.8988,64.9188,64.5577,65.1332
317.5000,99.8502,64.9440,64.9598,64.6035,65.1782
318.0000,99.8528,64.9878,65.0023,64.6461,65.2240
318.5000,99.8549,65.0390,65.0543,64.6990,65.2745
319.0000,99.8573,65.0826,65.1015,64.7419,65.3165
319.5000,99.8603,65.1264,65.1443,64.7855,65.3584
320.0000,99.8612,65.1718,65.1846,64.8312,65.3991
320.5000,99.8628,65.2125,65.2280,64.8770,65.4385
321.0000,99.8650,65.2596,65.2698,64.9249,65.4838
321.5000,99.8665,65.3050,65.3149,64.9677,65.5236
322.0000,99.8670,65.3477,65.3601,65.0143,65.5650
322.5000,99.8682,65.3953,65.4054,65.0599,65.6099
323.0000,99.8698,65.4389,65.4493,65.1023,65.6513
323.5000,99.8704,65.4864,65.4945,65.1500,65.6943
324.0000,99.8715,65.5397,65.5456,65.2038,65.7432
324.5000,99.8730,65.5856,65.5867,65.2465,65.7868
325.0000,99.8739,65.6345,65.6290,65.2943,65.8287
325.5000,99.8758,65.6829,65.6726,65.3370,65.8694
326.0000,99.8767,65.7231,65.7120,65.3781,65.9079
326.5000,99.8786,65.7676,65.7582,65.4228,65.9464
327.0000,99.8791,65.8136,65.7979,65.4723,65.9897
327.5000,99.8806,65.8581,65.8443,65.5158,66.0318
328.0000,99.8820,65.9058,65.8926,65.5603,66.0722
328.5000,99.8832,65.9494,65.9357,65.6026,66.1151
329.0000,99.8840,65.9998,65.9824,65.6555,66.1625
329.5000,99.8853,66.0392,66.0323,65.7054,66.2034
330.0000,99.8870,66.0814,66.0730,65.7506,66.2453
330.5000,99.8885,66.1247,66.1148,65.8008,66.2858
331.0000,99.8891,66.1722,66.1642,65.8408,66.3266
331.5000,99.8905,66.2154,66.2054,65.8826,66.3682
332.0000,99.8922,66.2635,66.2477,65.9306,66.4108
332.5000,99.8929,66.3107,66.2908,65.9748,66.4493
333.0000,99.8939,66.3559,66.3342,66.0164,66.4883
333.5000,99.8949,66.4015,66.3753,66.0605,66.5255
334.0000,99.8957,66.4507,66.4230,66.1082,66.5756
334.5000,99.8966,66.4944,66.4679,66.1521,66.6195
335.0000,99.8991,66.5371,66.5116,66.1982,66.6608
335.5000,99.9003,66.5769,66.5577,66.2422,66.7068
336.0000,99.9025,66.6230,66.5982,66.2863,66.7475
336.5000,99.9031,66.6651,66.6471,66.3320,66.7895
337.0000,99.9040,66.7116,66.6934,66.3744,66.8344
337.5000,99.9043,66.7557,66.7328,66.4208,66.8739
338.0000,99.9055,66.7962,66.7757,66.4680,66.9155
338.5000,99.9065,66.8371,66.8180,66.5133,66.9529
339.0000,99.9080,66.8866,66.8662,66.5574,66.9966
339.5000,99.9088,66.9308,66.9096,66.6027,67.0398
340.0000,99.9096,66.9727,66.9505,66.6494,67.0825
340.5000,99.9107,67.0097,66.9922,66.6879,67.1197
341.0000,99.9113,67.0552,67.0362,66.7314,67.1617
341.5000,99.9121,67.1003,67.0768,66.7746,67.2067
342.0000,99.9133,67.1500,67.1211,66.8169,67.2459
342.5000,99.9153,67.1931,67.1619,66.8599,67.2850
343.0000,99.9159,67.2342,67.2049,66.9026,67.3299
343.5000,99.9165,67.2784,67.2465,66.9415,67.3662
344.0000,99.9181,67.3172,67.2884,66.9857,67.4114
344.5000,99.9186,67.3689,67.3318,67.0373,67.4565
345.0000,99.9198,67.4137,67.3704,67.0786,67.4973
345.5000,99.9211,67.4580,67.4099,67.1239,67.5374
346.0000,99.9223,67.5041,67.4481,67.1632,67.5790
346.5000,99.9232,67.5451,67.4927,67.2052,67.6165
347.0000,99.9245,67.5891,67.5343,67.2504,67.6562
347.5000,99.9260,67.6331,67.5786,67.2939,67.6942
348.0000,99.9274,67.6748,67.6252,67.3367,67.7307
348.5000,99.9280,67.7189,67.6668,67.3816,67.7700
349.0000,99.9291,67.7643,67.7098,67.4303,67.8141
349.5000,99.9301,67.8121,67.7551,67.4811,67.8605
350.0000,99.9308,67.8511,67.7975,67.5194,67.8990
350.5000,99.9322,67.8912,67.8447,67.5637,67.9422
351.0000,99.9328,67.9379,67.8873,67.6039,67.9794
351.5000,99.9336,67.9837,67.9250,67.6507,68.0212
352.0000,99.9342,68.0326,67.9694,67.6926,68.0665
352.5000,99.9350,68.0778,68.0113,67.7391,68.1067
353.0000,99.9353,68.1220,68.0537,67.7832,68.1469
353.5000,99.9361,68.1689,68.0957,67.8258,68.1869
354.0000,99.9372,68.2101,68.1371,67.8647,68.2261
354.5000,99.9381,68.2561,68.1894,67.9083,68.2750
355.0000,99.9389,68.2938,68.2346,67.9518,68.3154
355.5000,99.9402,68.3387,68.2751,67.9940,68.3562
356.0000,99.9408,68.3855,68.3147,68.0429,68.3972
356.5000,99.9414,68.4297,68.3603,68.0877,68.4333
357.0000,99.9425,68.4760,68.4027,68.1354,68.4730
357.5000,99.9439,68.5170,68.4451,68.1787,68.5123
358.0000,99.9442,68.5629,68.4877,68.2245,68.5581
358.5000,99.9450,68.6059,68.5291,68.2689,68.5991
359.0000,99.9456,68.6489,68.5735,68.3128,68.6427
359.5000,99.9459,68.6973,68.6201,68.3590,68.6854
360.0000,99.9464,68.7397,68.6586,68.3986,68.7253
360.5000,99.9467,68.7810,68.6989,68.4379,68.7664
361.0000,99.9471,68.8205,68.7365,68.4856,68.8082
361.5000,99.9482,68.8629,68.7764,68.5315,68.8485
362.0000,99.9495,68.9035,68.8220,68.5751,68.8873
362.5000,99.9501,68.9454,68.8639,68.6168,68.9327
363.0000,99.9504,68.9882,68.9055,68.6586,68.9751
363.5000,99.9507,69.0305,68.9434,68.7044,69.0168
364.0000,99.9519,69.0729,68.9842,68.7478,69.0604
364.5000,99.9524,69.1186,69.0288,68.7885,69.1030
365.0000,99.9527,69.1707,69.0789,68.8388,69.1562
365.5000,99.9536,69.2153,69.1205,68.8785,69.1950
366.0000,99.9542,69.2585,69.1625,68.9232,69.2333
366.5000,99.9545,69.3008,69.2009,68.9613,69.2742
367.0000,99.9550,69.3433,69.2408,69.0025,69.3139
367.5000,99.9558,69.3833,69.2791,69.0475,69.3549
368.0000,99.9574,69.4283,69.3199,69.0882,69.3932
368.5000,99.9578,69.4690,69.3633,69.1287,69.4338
369.0000,99.9588,69.5070,69.4016,69.1715,69.4751
369.5000,99.9598,69.5495,69.4437,69.2177,69.5129
370.0000,99.9606,69.6006,69.4939,69.2702,69.5567
370.5000,99.9606,69.6441,69.5372,69.3122,69.6000
371.0000,99.9612,69.6846,69.5787,69.3559,69.6480
371.5000,99.9617,69.7258,69.6187,69.3983,69.6930
372.0000,99.9620,69.7721,69.6592,69.4425,69.7352
372.5000,99.9625,69.8129,69.7032,69.4839,69.7762
373.0000,99.9628,69.8588,69.7397,69.5213,69.8189
373.5000,99.9636,69.9064,69.7786,69.5635,69.8614
374.0000,99.9636,69.9455,69.8226,69.6017,69.9053
374.5000,99.9640,69.9917,69.8659,69.6426,69.9461
375.0000,99.9643,70.0401,69.9134,69.6879,69.9936
375.5000,99.9648,70.0788,69.9508,69.7347,70.0368
376.0000,99.9653,70.1263,69.9915,69.7783,70.0767
376.5000,99.9654,70.1688,70.0349,69.8232,70.1215
377.0000,99.9660,70.2087,70.0765,69.8668,70.1613
377.5000,99.9660,70.2526,70.1162,69.9084,70.2038
378.0000,99.9664,70.2940,70.1561,69.9542,70.2431
378.5000,99.9667,70.3373,70.2010,70.0022,70.2816
379.0000,99.9671,70.3790,70.2482,70.0443,70.3255
379.5000,99.9676,70.4256,70.2879,70.0825,70.3758
380.0000,99.9677,70.4726,70.3354,70.1326,70.4273
380.5000,99.9687,70.5124,70.3750,70.1720,70.4707
381.0000,99.9691,70.5528,70.4137,70.2160,70.5126
381.5000,99.9691,70.5927,70.4527,70.2560,70.5552
382.0000,99.9691,70.6325,70.4905,70.2981,70.5935
382.5000,99.9705,70.6741,70.5357,70.3375,70.6311
383.0000,99.9710,70.7173,70.5767,70.3849,70.6754
383.5000,99.9718,70.7546,70.6174,70.4260,70.7162
384.0000,99.9724,70.7922,70.6590,70.4693,70.7566
384.5000,99.9727,70.8350,70.6974,70.5113,70.7984
385.0000,99.9732,70.8773,70.7357,70.5554,70.8425
385.5000,99.9735,70.9229,70.7819,70.6043,70.8915
386.0000,99.9739,70.9651,70.8239,70.6487,70.9355
386.5000,99.9744,71.0056,70.8637,70.6826,70.9831
387.0000,99.9749,71.0483,70.8999,70.7210,71.0249
387.5000,99.9753,71.0895,70.9376,70.7624,71.0670
388.0000,99.9761,71.1317,70.9787,70.8047,71.1099
388.5000,99.9762,71.1770,71.0180,70.8450,71.1467
389.0000,99.9766,71.2161,71.0549,70.8823,71.1889
389.5000,99.9766,71.2571,71.0964,70.9259,71.2304
390.0000,99.9770,71.2983,71.1349,70.9659,71.2729
390.5000,99.9775,71.3429,71.1793,71.0127,71.3210
391.0000,99.9780,71.3844,71.2150,71.0502,71.3583
391.5000,99.9786,71.4268,71.2552,71.0947,71.4012
392.0000,99.9787,71.4695,71.2977,71.1389,71.4453
392.5000,99.9792,71.5145,71.3407,71.1797,71.4872
393.0000,99.9795,71.5494,71.3841,71.2218,71.5248
393.5000,99.9798,71.5908,71.4206,71.2688,71.5698
394.0000,99.9803,71.6307,71.4649,71.3069,71.6112
394.5000,99.9806,71.6719,71.5000,71.3494,71.6553
395.0000,99.9812,71.7076,71.5424,71.3924,71.6979
395.5000,99.9814,71.7570,71.5902,71.4365,71.7444
396.0000,99.9817,71.7994,71.6298,71.4767,71.7877
396.5000,99.9823,71.8396,71.6722,71.5196,71.8331
397.0000,99.9826,71.8745,71.7123,71.5588,71.8752
397.5000,99.9831,71.9153,71.7531,71.6026,71.9196
398.0000,99.9834,71.9586,71.7933,71.6432,71.9599
398.5000,99.9840,72.0006,71.8388,71.6825,71.9981
399.0000,99.9843,72.0382,71.8784,71.7260,72.0420
399.5000,99.9845,72.0774,71.9187,71.7615,72.0857
400.0000,99.9846,72.1140,71.9589,71.8023,72.1299
400.5000,99.9853,72.1604,72.0035,71.8515,72.1807
401.0000,99.9853,72.1999,72.0373,71.8948,72.2258
401.5000,99.9857,72.2394,72.0732,71.9315,72.2648
402.0000,99.9859,72.2809,72.1114,71.9705,72.3025
402.5000,99.9867,72.3203,72.1492,72.0107,72.3407
403.0000,99.9871,72.3636,72.1894,72.0492,72.3867
403.5000,99.9871,72.4018,72.2340,72.0892,72.4216
404.0000,99.9877,72.4378,72.2694,72.1278,72.4645
404.5000,99.9884,72.4774,72.3090,72.1676,72.4994
405.0000,99.9887,72.5174,72.3472,72.2085,72.5402
405.5000,99.9890,72.5561,72.3865,72.2454,72.5794
406.0000,99.9890,72.6005,72.4348,72.2934,72.6263
406.5000,99.9891,72.6364,72.4703,72.3342,72.6696
407.0000,99.9891,72.6727,72.5080,72.3733,72.7114
407.5000,99.9893,72.7125,72.5448,72.4128,72.7517
408.0000,99.9896,72.7472,72.5818,72.4521,72.7916
408.5000,99.9899,72.7853,72.6215,72.4911,72.8306
409.0000,99.9904,72.8291,72.6670,72.5265,72.8725
409.5000,99.9904,72.8663,72.7024,72.5648,72.9139
410.0000,99.9905,72.9060,72.7432,72.6025,72.9568
410.5000,99.9907,72.9448,72.7787,72.6472,72.9982
411.0000,99.9909,72.9908,72.8214,72.6919,73.0462
411.5000,99.9909,73.0263,72.8564,72.7278,73.0897
412.0000,99.9910,73.0650,72.8942,72.7627,73.1307
412.5000,99.9913,73.1042,72.9343,72.8007,73.1653
413.0000,99.9913,73.1413,72.9702,72.8424,73.2051
413.5000,99.9913,73.1797,73.0109,72.8761,73.2453
414.0000,99.9913,73.2185,73.0496,72.9130,73.2791
414.5000,99.9913,73.2562,73.0873,72.9517,73.3182
415.0000,99.9913,73.2929,73.1228,72.9946,73.3598
415.5000,99.9915,73.3317,73.1617,73.0322,73.3998
416.0000,99.9916,73.3789,73.2061,73.0766,73.4442
416.5000,99.9919,73.4169,73.2437,73.1150,73.4841
417.0000,99.9923,73.4567,73.2826,73.1499,73.5225
417.5000,99.9923,73.4963,73.3201,73.1914,73.5670
418.0000,99.9923,73.5348,73.3545,73.2302,73.6064
418.5000,99.9923,73.5719,73.3906,73.2748,73.6448
419.0000,99.9924,73.6157,73.4277,73.3126,73.6811
419.5000,99.9924,73.6568,73.4687,73.3490,73.7165
420.0000,99.9924,73.6975,73.5052,73.3824,73.7540
420.5000,99.9924,73.7350,73.5412,73.4212,73.7906
421.0000,99.9926,73.7809,73.5848,73.4657,73.8419
421.5000,99.9927,73.8213,73.6221,73.5061,73.8816
422.0000,99.9927,73.8606,73.6573,73.5471,73.9227
422.5000,99.9929,73.8984,73.6956,73.5864,73.9578
423.0000,99.9930,73.9355,73.7321,73.6235,73.9980
423.5000,99.9930,73.9730,73.7723,73.6628,74.0355
424.0000,99.9930,74.0167,73.8074,73.7037,74.0746
424.5000,99.9932,74.0522,73.8477,73.7463,74.1118
425.0000,99.9932,74.0915,73.8876,73.7848,74.1479
425.5000,99.9937,74.1315,73.9235,73.8247,74.1909
426.0000,99.9937,74.1701,73.9608,73.8596,74.2335
426.5000,99.9940,74.2180,74.0078,73.9087,74.2796
427.0000,99.9940,74.2568,74.0471,73.9454,74.3168
427.5000,99.9941,74.2971,74.0869,73.9857,74.3610
428.0000,99.9941,74.3375,74.1260,74.0218,74.3984
428.5000,99.9943,74.3763,74.1600,74.0616,74.4357
429.0000,99.9943,74.4204,74.1964,74.1007,74.4711
429.5000,99.9943,74.4569,74.2323,74.1413,74.5104
430.0000,99.9943,74.4961,74.2697,74.1782,74.5466
430.5000,99.9943,74.5305,74.3068,74.2215,74.5862
431.0000,99.9944,74.5645,74.3442,74.2561,74.6246
431.5000,99.9944,74.6067,74.3884,74.3059,74.6679
432.0000,99.9944,74.6457,74.4253,74.3443,74.7095
432.5000,99.9944,74.6867,74.4599,74.3849,74.7542
433.0000,99.9946,74.7218,74.4967,74.4242,74.7942
433.5000,99.9946,74.7586,74.5369,74.4644,74.8330
434.0000,99.9946,74.7918,74.5756,74.5035,74.8718
434.5000,99.9947,74.8273,74.6131,74.5420,74.9117
435.0000,99.9947,74.8646,74.6534,74.5793,74.9503
435.5000,99.9949,74.9001,74.6940,74.6176,74.9857
436.0000,99.9950,74.9382,74.7324,74.6529,75.0237
436.5000,99.9952,74.9851,74.7761,74.6970,75.0699
437.0000,99.9952,75.0214,74.8134,74.7365,75.1112
437.5000,99.9952,75.0554,74.8518,74.7721,75.1511
438.0000,99.9952,75.0919,74.8870,74.8049,75.1870
438.5000,99.9955,75.1316,74.9212,74.8453,75.2255
439.0000,99.9957,75.1692,74.9573,74.8774,75.2595
439.5000,99.9957,75.2096,74.9926,74.9160,75.2969
440.0000,99.9958,75.2497,75.0274,74.9525,75.3340
440.5000,99.9958,75.2864,75.0663,74.9914,75.3723
441.0000,99.9958,75.3221,75.1008,75.0253,75.4105
441.5000,99.9960,75.3689,75.1435,75.0702,75.4548
442.0000,99.9960,75.4075,75.1813,75.1042,75.4936
442.5000,99.9961,75.4449,75.2181,75.1430,75.5316
443.0000,99.9963,75.4832,75.2568,75.1803,75.5736
443.5000,99.9963,75.5200,75.2927,75.2186,75.6123
444.0000,99.9963,75.5566,75.3251,75.2568,75.6517
444.5000,99.9963,75.5947,75.3617,75.2959,75.6884
445.0000,99.9963,75.6301,75.3973,75.3344,75.7276
445.5000,99.9963,75.6681,75.4321,75.3751,75.7702
446.0000,99.9963,75.7053,75.4690,75.4112,75.8077
446.5000,99.9963,75.7458,75.5080,75.4493,75.8447
447.0000,99.9963,75.7919,75.5495,75.4941,75.8889
447.5000,99.9964,75.8310,75.5802,75.5334,75.9296
448.0000,99.9964,75.8734,75.6156,75.5699,75.9701
448.5000,99.9964,75.9114,75.6532,75.6054,76.0058
449.0000,99.9967,75.9536,75.6884,75.6452,76.0474
449.5000,99.9969,75.9965,75.7241,75.6818,76.0853
450.0000,99.9970,76.0336,75.7609,75.7180,76.1204
450.5000,99.9970,76.0655,75.7988,75.7580,76.1604
451.0000,99.9972,76.1046,75.8343,75.7945,76.1964
451.5000,99.9972,76.1430,75.8722,75.8351,76.2334
452.0000,99.9974,76.1855,75.9135,75.8793,76.2762
452.5000,99.9978,76.2248,75.9476,75.9183,76.3195
453.0000,99.9978,76.2621,75.9848,75.9607,76.3593
453.5000,99.9980,76.3032,76.0213,75.9957,76.4020
454.0000,99.9981,76.3388,76.0573,76.0363,76.4368
454.5000,99.9981,76.3773,76.0941,76.0809,76.4768
455.0000,99.9981,76.4108,76.1347,76.1181,76.5117
455.5000,99.9981,76.4469,76.1738,76.1540,76.5517
456.0000,99.9981,76.4823,76.2113,76.1891,76.5880
456.5000,99.9983,76.5140,76.2504,76.2279,76.6250
457.0000,99.9983,76.5584,76.2908,76.2673,76.6668
457.5000,99.9983,76.5994,76.3275,76.3073,76.7037
458.0000,99.9983,76.6364,76.3625,76.3456,76.7393
458.5000,99.9983,76.6777,76.3999,76.3830,76.7787
459.0000,99.9983,76.7130,76.4364,76.4231,76.8187
459.5000,99.9983,76.7512,76.4746,76.4577,76.8575
460.0000,99.9983,76.7842,76.5102,76.4914,76.8931
460.5000,99.9983,76.8184,76.5481,76.5291,76.9291
461.0000,99.9983,76.8570,76.5855,76.5644,76.9679
461.5000,99.9983,76.8952,76.6235,76.5997,77.0011
462.0000,99.9983,76.9391,76.6668,76.6440,77.0473
462.5000,99.9983,76.9793,76.7009,76.6832,77.0813
463.0000,99.9984,77.0166,76.7346,76.7208,77.1210
463.5000,99.9984,77.0539,76.7715,76.7576,77.1609
464.0000,99.9984,77.0919,76.8065,76.7930,77.2024
464.5000,99.9986,77.1281,76.8451,76.8304,77.2414
465.0000,99.9986,77.1634,76.8816,76.8672,77.2772
465.5000,99.9986,77.2001,76.9136,76.9035,77.3132
466.0000,99.9986,77.2378,76.9501,76.9439,77.3491
466.5000,99.9986,77.2765,76.9890,76.9792,77.3839
467.0000,99.9986,77.3174,77.0193,77.0196,77.4219
467.5000,99.9986,77.3551,77.0626,77.0570,77.4637
468.0000,99.9986,77.3901,77.0984,77.0968,77.5055
468.5000,99.9987,77.4268,77.1343,77.1366,77.5429
469.0000,99.9987,77.4612,77.1688,77.1726,77.5778
469.5000,99.9987,77.4976,77.2045,77.2116,77.6149
470.0000,99.9987,77.5328,77.2382,77.2456,77.6538
470.5000,99.9989,77.5649,77.2737,77.2838,77.6893
471.0000,99.9989,77.5992,77.3128,77.3229,77.7254
471.5000,99.9989,77.6344,77.3514,77.3595,77.7623
472.0000,99.9989,77.6727,77.3880,77.3962,77.8025
472.5000,99.9989,77.7111,77.4319,77.4378,77.8488
473.0000,99.9989,77.7494,77.4648,77.4687,77.8806
473.5000,99.9989,77.7856,77.5003,77.5066,77.9213
474.0000,99.9989,77.8233,77.5396,77.5407,77.9568
474.5000,99.9989,77.8617,77.5735,77.5771,77.9956
475.0000,99.9989,77.8969,77.6087,77.6106,78.0333
475.5000,99.9991,77.9354,77.6433,77.6468,78.0692
476.0000,99.9991,77.9736,77.6761,77.6808,78.1074
476.5000,99.9991,78.0072,77.7124,77.7165,78.1443
477.0000,99.9991,78.0447,77.7438,77.7522,78.1825
477.5000,99.9991,78.0871,77.7857,77.7956,78.2233
478.0000,99.9991,78.1241,77.8172,77.8316,78.2576
478.5000,99.9991,78.1644,77.8532,77.8696,78.2946
479.0000,99.9991,78.1997,77.8874,77.9070,78.3305
479.5000,99.9991,78.2357,77.9195,77.9421,78.3707
480.0000,99.9991,78.2713,77.9518,77.9828,78.4054
480.5000,99.9991,78.3049,77.9892,78.0171,78.4426
481.0000,99.9991,78.3419,78.0243,78.0552,78.4797
481.5000,99.9991,78.3810,78.0594,78.0913,78.5149
482.0000,99.9991,78.4161,78.0949,78.1250,78.5518
482.5000,99.9991,78.4628,78.1350,78.1702,78.5956
483.0000,99.9991,78.4993,78.1710,78.2066,78.6334
483.5000,99.9991,78.5387,78.2053,78.2439,78.6716
484.0000,99.9991,78.5696,78.2421,78.2777,78.7098
484.5000,99.9991,78.6041,78.2745,78.3137,78.7483
485.0000,99.9991,78.6412,78.3109,78.3483,78.7859
485.5000,99.9991,78.6777,78.3449,78.3859,78.8201
486.0000,99.9991,78.7105,78.3810,78.4214,78.8578
486.5000,99.9991,78.7484,78.4147,78.4594,78.8978
487.0000,99.9991,78.7804,78.4488,78.4987,78.9349
487.5000,99.9991,78.8201,78.4844,78.5367,78.9724
488.0000,99.9991,78.8646,78.5246,78.5836,79.0196
488.5000,99.9991,78.8986,78.5601,78.6178,79.0550
489.0000,99.9991,78.9298,78.5933,78.6525,79.0948
489.5000,99.9991,78.9623,78.6316,78.6852,79.1346
490.0000,99.9991,78.9958,78.6681,78.7229,79.1732
490.5000,99.9991,79.0281,78.7050,78.7602,79.2114
491.0000,99.9991,79.0609,78.7413,78.7946,79.2451
491.5000,99.9991,79.0964,78.7788,78.8288,79.2805
492.0000,99.9991,79.1318,78.8148,78.8611,79.3153
492.5000,99.9991,79.1674,78.8479,78.9004,79.3506
493.0000,99.9992,79.2057,78.8900,78.9412,79.3922
493.5000,99.9992,79.2416,78.9241,78.9732,79.4298
494.0000,99.9992,79.2726,78.9564,79.0089,79.4635
494.5000,99.9994,79.3091,78.9895,79.0443,79.5009
495.0000,99.9994,79.3408,79.0240,79.0791,79.5355
495.5000,99.9994,79.3753,79.0611,79.1092,79.5703
496.0000,99.9994,79.4069,79.0955,79.1421,79.6045
496.5000,99.9994,79.4438,79.1272,79.1760,79.6413
497.0000,99.9995,79.4789,79.1600,79.2138,79.6764
497.5000,99.9995,79.5117,79.1912,79.2488,79.7108
498.0000,99.9995,79.5477,79.2277,79.2881,79.7527
498.5000,99.9995,79.5830,79.2591,79.3203,79.7852
499.0000,99.9995,79.6159,79.2883,79.3517,79.8237
499.5000,99.9995,79.6480,79.3206,79.3847,79.8585
500.0000,99.9995,79.6792,79.3553,79.4186,79.8916
500.5000,99.9995,79.7105,79.3868,79.4518,79.9282
501.0000,99.9995,79.7411,79.4177,79.4847,79.9586
501.5000,99.9995,79.7739,79.4526,79.5216,79.9920
502.0000,99.9995,79.8079,79.4874,79.5539,80.0289
502.5000,99.9995,79.8427,79.5175,79.5881,80.0637
503.0000,99.9995,79.8758,79.5576,79.6238,80.1035
503.5000,99.9995,79.9062,79.5896,79.6593,80.1363
504.0000,99.9995,79.9376,79.6239,79.6902,80.1693
504.5000,99.9995,79.9708,79.6539,79.7236,80.2076
505.0000,99.9995,80.0015,79.6866,79.7532,80.2392
505.5000,99.9995,80.0386,79.7191,79.7859,80.2712
506.0000,99.9995,80.0671,79.7552,79.8166,80.3036
506.5000,99.9995,80.0999,79.7849,79.8514,80.3317
507.0000,99.9995,80.1330,79.8206,79.8829,80.3667
507.5000,99.9995,80.1620,79.8534,79.9161,80.3991
508.0000,99.9995,80.1925,79.8870,79.9450,80.4337
508.5000,99.9995,80.2294,79.9230,79.9829,80.4680
509.0000,99.9995,80.2613,79.9569,80.0166,80.5042
509.5000,99.9995,80.2925,79.9887,80.0507,80.5379
510.0000,99.9995,80.3232,80.0223,80.0830,80.5714
510.5000,99.9995,80.3543,80.0515,80.1120,80.6031
511.0000,99.9995,80.3815,80.0798,80.1459,80.6366
511.5000,99.9995,80.4153,80.1110,80.1760,80.6719
512.0000,99.9995,80.4462,80.1421,80.2064,80.7033
512.5000,99.9995,80.4811,80.1761,80.2364,80.7337
513.0000,99.9995,80.5128,80.2037,80.2659,80.7634
513.5000,99.9995,80.5465,80.2372,80.3041,80.8008
514.0000,99.9995,80.5772,80.2689,80.3366,80.8296
514.5000,99.9995,80.6056,80.3023,80.3680,80.8630
515.0000,99.9995,80.6356,80.3327,80.3961,80.8916
515.5000,99.9995,80.6664,80.3619,80.4273,80.9246
516.0000,99.9995,80.6959,80.3899,80.4547,80.9578
516.5000,99.9995,80.7304,80.4220,80.4866,80.9897
517.0000,99.9995,80.7587,80.4519,80.5184,81.0162
517.5000,99.9995,80.7873,80.4830,80.5568,81.0525
518.0000,99.9995,80.8169,80.5121,80.5873,81.0831
518.5000,99.9995,80.8554,80.5449,80.6226,81.1195
519.0000,99.9995,80.8877,80.5769,80.6483,81.1529
519.5000,99.9995,80.9130,80.6056,80.6792,81.1820
520.0000,99.9995,80.9433,80.6366,80.7103,81.2121
520.5000,99.9995,80.9776,80.6636,80.7422,81.2417
521.0000,99.9997,81.0083,80.6937,80.7720,81.2696
521.5000,99.9997,81.0362,80.7244,80.8016,81.2977
522.0000,99.9997,81.0672,80.7533,80.8284,81.3315
522.5000,99.9997,81.0949,80.7845,80.8589,81.3639
523.0000,99.9997,81.1262,80.8112,80.8908,81.3961
523.5000,99.9997,81.1592,80.8482,80.9254,81.4325
524.0000,99.9997,81.1868,80.8754,80.9577,81.4623
524.5000,99.9997,81.2154,80.9047,80.9846,81.4954
525.0000,99.9997,81.2430,80.9361,81.0178,81.5272
525.5000,99.9997,81.2711,80.9677,81.0518,81.5593
526.0000,99.9997,81.2988,80.9975,81.0799,81.5934
526.5000,99.9997,81.3281,81.0267,81.1122,81.6239
527.0000,99.9997,81.3584,81.0559,81.1407,81.6532
527.5000,99.9997,81.3868,81.0809,81.1685,81.6819
528.0000,99.9997,81.4197,81.1113,81.1983,81.7133
528.5000,99.9997,81.4465,81.1388,81.2271,81.7462
529.0000,99.9997,81.4828,81.1758,81.2599,81.7807
529.5000,99.9997,81.5118,81.2064,81.2907,81.8091
530.0000,99.9997,81.5415,81.2319,81.3163,81.8400
530.5000,99.9997,81.5719,81.2596,81.3464,81.8706
531.0000,99.9998,81.6001,81.2861,81.3730,81.8980
531.5000,99.9998,81.6277,81.3142,81.4014,81.9296
532.0000,99.9998,81.6551,81.3451,81.4313,81.9583
532.5000,99.9998,81.6872,81.3766,81.4599,81.9861
533.0000,99.9998,81.7162,81.4023,81.4914,82.0147
533.5000,99.9998,81.7438,81.4306,81.5207,82.0449
534.0000,99.9998,81.7788,81.4657,81.5538,82.0815
534.5000,99.9998,81.8092,81.4940,81.5833,82.1105
535.0000,99.9998,81.8417,81.5223,81.6120,82.1454
535.5000,99.9998,81.8664,81.5502,81.6432,82.1750
536.0000,99.9998,81.8909,81.5793,81.6745,82.2056
536.5000,99.9998,81.9159,81.6058,81.7026,82.2323
537.0000,99.9998,81.9439,81.6378,81.7282,82.2618
537.5000,99.9998,81.9707,81.6693,81.7592,82.2922
538.0000,99.9998,81.9951,81.6934,81.7878,82.3223
538.5000,99.9998,82.0255,81.7251,81.8180,82.3554
539.0000,99.9998,82.0567,81.7593,81.8536,82.3873
539.5000,99.9998,82.0847,81.7863,81.8820,82.4175
540.0000,99.9998,82.1103,81.8125,81.9106,82.4451
540.5000,99.9998,82.1358,81.8409,81.9373,82.4738
541.0000,99.9998,82.1640,81.8713,81.9615,82.5044
541.5000,99.9998,82.1937,81.9015,81.9881,82.5294
542.0000,99.9998,82.2179,81.9297,82.0169,82.5575
542.5000,100.0000,82.2432,81.9564,82.0404,82.5825
543.0000,100.0000,82.2693,81.9859,82.0663,82.6079
543.5000,100.0000,82.2946,82.0118,82.0948,82.6350
544.0000,100.0000,82.3256,82.0455,82.1249,82.6643
544.5000,100.0000,82.3517,82.0718,82.1539,82.6912
545.0000,100.0000,82.3795,82.1001,82.1807,82.7210
545.5000,100.0000,82.4081,82.1281,82.2067,82.7477
546.0000,100.0000,82.4366,82.1555,82.2359,82.7750
546.5000,100.0000,82.4653,82.1802,82.2611,82.7971
547.0000,100.0000,82.4934,82.2067,82.2864,82.8265
547.5000,100.0000,82.5223,82.2290,82.3125,82.8538
548.0000,100.0000,82.5468,82.2545,82.3387,82.8836
548.5000,100.0000,82.5732,82.2798,82.3655,82.9073
549.0000,100.0000,82.6021,82.3089,82.3921,82.9337
549.5000,100.0000,82.6329,82.3397,82.4223,82.9646
550.0000,100.0000,82.6591,82.3640,82.4512,82.9927
550.5000,100.0000,82.6850,82.3924,82.4809,83.0192
551.0000,100.0000,82.7106,82.4174,82.5105,83.0396
551.5000,100.0000,82.7365,82.4450,82.5368,83.0692
552.0000,100.0000,82.7650,82.4685,82.5658,83.0950
552.5000,100.0000,82.7931,82.4971,82.5926,83.1210
553.0000,100.0000,82.8212,82.5253,82.6188,83.1495
553.5000,100.0000,82.8493,82.5495,82.6440,83.1779
554.0000,100.0000,82.8794,82.5749,82.6721,83.2012
554.5000,100.0000,82.9123,82.6065,82.7029,83.2339
555.0000,100.0000,82.9368,82.6343,82.7274,83.2570
555.5000,100.0000,82.9652,82.6605,82.7529,83.2835
556.0000,100.0000,82.9911,82.6837,82.7808,83.3073
556.5000,100.0000,83.0174,82.7131,82.8073,83.3327
557.0000,100.0000,83.0420,82.7422,82.8338,83.3540
557.5000,100.0000,83.0704,82.7684,82.8628,83.3822
558.0000,100.0000,83.0982,82.7967,82.8913,83.4071
558.5000,100.0000,83.1290,82.8217,82.9195,83.4368
559.0000,100.0000,83.1537,82.8455,82.9469,83.4660
559.5000,100.0000,83.1849,82.8758,82.9789,83.4935
560.0000,100.0000,83.2143,82.9016,83.0053,83.5207
560.5000,100.0000,83.2428,82.9266,83.0329,83.5489
561.0000,100.0000,83.2693,82.9511,83.0604,83.5742
561.5000,100.0000,83.2956,82.9774,83.0885,83.6025
562.0000,100.0000,83.3255,83.0058,83.1145,83.6276
562.5000,100.0000,83.3540,83.0334,83.1412,83.6540
563.0000,100.0000,83.3829,83.0582,83.1708,83.6792
563.5000,100.0000,83.4067,83.0827,83.1977,83.7046
564.0000,100.0000,83.4319,83.1107,83.2228,83.7288
564.5000,100.0000,83.4605,83.1423,83.2545,83.7593
565.0000,100.0000,83.4888,83.1674,83.2828,83.7871
565.5000,100.0000,83.5153,83.1942,83.3109,83.8192
566.0000,100.0000,83.5406,83.2189,83.3386,83.8477
566.5000,100.0000,83.5650,83.2477,83.3673,83.8720
567.0000,100.0000,83.5906,83.2727,83.3955,83.8971
567.5000,100.0000,83.6180,83.2992,83.4231,83.9226
568.0000,100.0000,83.6465,83.3247,83.4506,83.9474
568.5000,100.0000,83.6730,83.3529,83.4762,83.9738
569.0000,100.0000,83.6972,83.3793,83.5026,83.9981
569.5000,100.0000,83.7216,83.4099,83.5264,84.0227
570.0000,100.0000,83.7534,83.4425,83.5577,84.0518
570.5000,100.0000,83.7779,83.4659,83.5838,84.0770
571.0000,100.0000,83.8043,83.4921,83.6086,84.1027
571.5000,100.0000,83.8335,83.5166,83.6345,84.1262
572.0000,100.0000,83.8634,83.5423,83.6611,84.1538
572.5000,100.0000,83.8909,83.5666,83.6848,84.1797
573.0000,100.0000,83.9164,83.5894,83.7112,84.2039
573.5000,100.0000,83.9424,83.6170,83.7382,84.2252
574.0000,100.0000,83.9697,83.6432,83.7632,84.2511
574.5000,100.0000,83.9966,83.6659,83.7887,84.2770
575.0000,100.0000,84.0270,83.6947,83.8213,84.3039
575.5000,100.0000,84.0534,83.7214,83.8489,84.3286
576.0000,100.0000,84.0807,83.7480,83.8756,84.3519
576.5000,100.0000,84.1092,83.7717,83.9041,84.3803
577.0000,100.0000,84.1372,83.7985,83.9315,84.4079
577.5000,100.0000,84.1606,83.8231,83.9581,84.4330
578.0000,100.0000,84.1864,83.8486,83.9818,84.4559
578.5000,100.0000,84.2090,83.8686,84.0090,84.4773
579.0000,100.0000,84.2322,83.8920,84.0345,84.4999
579.5000,100.0000,84.2567,83.9197,84.0610,84.5258
580.0000,100.0000,84.2840,83.9516,84.0956,84.5579
580.5000,100.0000,84.3107,83.9802,84.1215,84.5900
581.0000,100.0000,84.3358,84.0059,84.1495,84.6130
581.5000,100.0000,84.3625,84.0292,84.1774,84.6373
582.0000,100.0000,84.3887,84.0528,84.2020,84.6649
582.5000,100.0000,84.4157,84.0764,84.2249,84.6883
583.0000,100.0000,84.4420,84.1035,84.2501,84.7138
583.5000,100.0000,84.4671,84.1307,84.2746,84.7400
584.0000,100.0000,84.4930,84.1557,84.2963,84.7656
584.5000,100.0000,84.5205,84.1835,84.3202,84.7908
585.0000,100.0000,84.5532,84.2127,84.3478,84.8212
585.5000,100.0000,84.5731,84.2403,84.3769,84.8420
586.0000,100.0000,84.6008,84.2655,84.4006,84.8638
586.5000,100.0000,84.6266,84.2902,84.4283,84.8884
587.0000,100.0000,84.6524,84.3141,84.4541,84.9141
587.5000,100.0000,84.6765,84.3411,84.4806,84.9391
588.0000,100.0000,84.6998,84.3657,84.5070,84.9610
588.5000,100.0000,84.7268,84.3894,84.5312,84.9847
589.0000,100.0000,84.7509,84.4146,84.5586,85.0134
589.5000,100.0000,84.7770,84.4376,84.5826,85.0390
590.0000,100.0000,84.7970,84.4599,84.6135,85.0626
590.5000,100.0000,84.8254,84.4871,84.6388,85.0882
591.0000,100.0000,84.8485,84.5141,84.6638,85.1121
591.5000,100.0000,84.8720,84.5387,84.6895,85.1383
592.0000,100.0000,84.8981,84.5615,84.7142,85.1579
592.5000,100.0000,84.9240,84.5859,84.7397,85.1827
593.0000,100.0000,84.9465,84.6129,84.7627,85.2049
593.5000,100.0000,84.9693,84.6385,84.7868,85.2297
594.0000,100.0000,84.9910,84.6612,84.8117,85.2526
594.5000,100.0000,85.0146,84.6837,84.8377,85.2782
595.0000,100.0000,85.0380,84.7090,84.8604,85.3007
595.5000,100.0000,85.0701,84.7398,84.8896,85.3305
596.0000,100.0000,85.0952,84.7617,84.9113,85.3533
596.5000,100.0000,85.1230,84.7856,84.9372,85.3767
597.0000,100.0000,85.1469,84.8095,84.9634,85.3995
597.5000,100.0000,85.1739,84.8318,84.9873,85.4223
598.0000,100.0000,85.1982,84.8584,85.0069,85.4456
598.5000,100.0000,85.2205,84.8800,85.0301,85.4694
599.0000,100.0000,85.2469,84.9039,85.0546,85.4907
599.5000,100.0000,85.2702,84.9283,85.0767,85.5126
600.0000,100.0000,85.2974,84.9534,85.1002,85.5384
600.5000,100.0000,85.3250,84.9822,85.1329,85.5653
601.0000,100.0000,85.3532,85.0010,85.1589,85.5852
601.5000,100.0000,85.3773,85.0246,85.1831,85.6089
602.0000,100.0000,85.3999,85.0466,85.2120,85.6336
602.5000,100.0000,85.4255,85.0707,85.2364,85.6569
603.0000,100.0000,85.4502,85.0933,85.2588,85.6810
603.5000,100.0000,85.4747,85.1174,85.2808,85.7054
604.0000,100.0000,85.4983,85.1419,85.3069,85.7298
604.5000,100.0000,85.5241,85.1643,85.3322,85.7575
605.0000,100.0000,85.5441,85.1857,85.3567,85.7794
605.5000,100.0000,85.5701,85.2136,85.3839,85.8047
606.0000,100.0000,85.5951,85.2396,85.4085,85.8296
606.5000,100.0000,85.6175,85.2639,85.4356,85.8548
607.0000,100.0000,85.6403,85.2888,85.4584,85.8769
607.5000,100.0000,85.6657,85.3141,85.4840,85.9011
608.0000,100.0000,85.6897,85.3358,85.5104,85.9242
608.5000,100.0000,85.7148,85.3616,85.5340,85.9497
609.0000,100.0000,85.7369,85.3828,85.5582,85.9761
609.5000,100.0000,85.7606,85.4035,85.5792,85.9962
610.0000,100.0000,85.7809,85.4288,85.6008,86.0187
610.5000,100.0000,85.8047,85.4504,85.6223,86.0407
611.0000,100.0000,85.8348,85.4807,85.6490,86.0668
611.5000,100.0000,85.8590,85.5029,85.6748,86.0856
612.0000,100.0000,85.8809,85.5309,85.6993,86.1079
612.5000,100.0000,85.9050,85.5587,85.7228,86.1301
613.0000,100.0000,85.9272,85.5818,85.7457,86.1539
613.5000,100.0000,85.9508,85.6027,85.7700,86.1768
614.0000,100.0000,85.9740,85.6265,85.7937,86.1975
614.5000,100.0000,85.9970,85.6491,85.8168,86.2209
615.0000,100.0000,86.0222,85.6724,85.8386,86.2405
615.5000,100.0000,86.0462,85.6956,85.8597,86.2663
616.0000,100.0000,86.0794,85.7216,85.8895,86.2925
616.5000,100.0000,86.1033,85.7455,85.9151,86.3111
617.0000,100.0000,86.1286,85.7706,85.9384,86.3312
617.5000,100.0000,86.1517,85.7921,85.9621,86.3551
618.0000,100.0000,86.1746,85.8144,85.9828,86.3758
618.5000,100.0000,86.1972,85.8376,86.0070,86.3984
619.0000,100.0000,86.2211,85.8591,86.0311,86.4215
619.5000,100.0000,86.2476,85.8844,86.0532,86.4442
620.0000,100.0000,86.2698,85.9083,86.0774,86.4675
620.5000,100.0000,86.2939,85.9288,86.1021,86.4902
621.0000,100.0000,86.3203,85.9548,86.1327,86.5189
621.5000,100.0000,86.3411,85.9746,86.1597,86.5433
622.0000,100.0000,86.3655,85.9972,86.1871,86.5675
622.5000,100.0000,86.3899,86.0205,86.2095,86.5927
623.0000,100.0000,86.4191,86.0439,86.2331,86.6167
623.5000,100.0000,86.4405,86.0664,86.2565,86.6386
624.0000,100.0000,86.4628,86.0922,86.2798,86.6646
624.5000,100.0000,86.4843,86.1163,86.3029,86.6873
625.0000,100.0000,86.5063,86.1368,86.3265,86.7079
625.5000,100.0000,86.5296,86.1596,86.3480,86.7318
626.0000,100.0000,86.5605,86.1891,86.3759,86.7543
626.5000,100.0000,86.5832,86.2149,86.3970,86.7719
627.0000,100.0000,86.6051,86.2393,86.4212,86.7928
627.5000,100.0000,86.6308,86.2632,86.4461,86.8143
628.0000,100.0000,86.6534,86.2891,86.4748,86.8390
628.5000,100.0000,86.6782,86.3122,86.4939,86.8601
629.0000,100.0000,86.6984,86.3369,86.5186,86.8835
629.5000,100.0000,86.7234,86.3595,86.5424,86.9075
630.0000,100.0000,86.7487,86.3823,86.5658,86.9307
630.5000,100.0000,86.7713,86.4027,86.5902,86.9546
631.0000,100.0000,86.7934,86.4240,86.6161,86.9771
631.5000,100.0000,86.8179,86.4531,86.6434,87.0014
632.0000,100.0000,86.8443,86.4769,86.6642,87.0227
632.5000,100.0000,86.8654,86.5013,86.6898,87.0437
633.0000,100.0000,86.8924,86.5266,86.7103,87.0647
633.5000,100.0000,86.9171,86.5477,86.7343,87.0855
634.0000,100.0000,86.9395,86.5729,86.7585,87.1063
634.5000,100.0000,86.9620,86.5938,86.7810,87.1277
635.0000,100.0000,86.9836,86.6191,86.8082,87.1475
635.5000,100.0000,87.0073,86.6418,86.8274,87.1708
636.0000,100.0000,87.0315,86.6651,86.8472,87.1915
636.5000,100.0000,87.0596,86.6910,86.8736,87.2182
637.0000,100.0000,87.0820,86.7136,86.9001,87.2407
637.5000,100.0000,87.1032,86.7346,86.9254,87.2652
638.0000,100.0000,87.1282,86.7567,86.9492,87.2873
638.5000,100.0000,87.1535,86.7778,86.9711,87.3094
639.0000,100.0000,87.1779,86.7993,86.9945,87.3302
639.5000,100.0000,87.2010,86.8201,87.0198,87.3526
640.0000,100.0000,87.2239,86.8451,87.0409,87.3775
640.5000,100.0000,87.2465,86.8644,87.0663,87.3995
641.0000,100.0000,87.2689,86.8908,87.0909,87.4225
641.5000,100.0000,87.2929,86.9174,87.1172,87.4510
642.0000,100.0000,87.3163,86.9375,87.1402,87.4720
642.5000,100.0000,87.3389,86.9607,87.1623,87.4926
643.0000,100.0000,87.3619,86.9810,87.1834,87.5140
643.5000,100.0000,87.3821,87.0015,87.2088,87.5376
644.0000,100.0000,87.4052,87.0259,87.2334,87.5592
644.5000,100.0000,87.4250,87.0469,87.2525,87.5815
645.0000,100.0000,87.4456,87.0703,87.2789,87.6050
645.5000,100.0000,87.4717,87.0934,87.3010,87.6273
646.0000,100.0000,87.4968,87.1123,87.3244,87.6483
646.5000,100.0000,87.5236,87.1414,87.3525,87.6737
647.0000,100.0000,87.5446,87.1660,87.3747,87.6967
647.5000,100.0000,87.5662,87.1915,87.3961,87.7205
648.0000,100.0000,87.5885,87.2116,87.4169,87.7447
648.5000,100.0000,87.6115,87.2357,87.4370,87.7630
649.0000,100.0000,87.6321,87.2596,87.4608,87.7850
649.5000,100.0000,87.6543,87.2804,87.4807,87.8077
650.0000,100.0000,87.6755,87.2976,87.5024,87.8260
650.5000,100.0000,87.7002,87.3200,87.5285,87.8463
651.0000,100.0000,87.7188,87.3433,87.5502,87.8672
651.5000,100.0000,87.7381,87.3678,87.5735,87.8888
652.0000,100.0000,87.7671,87.3953,87.6012,87.9161
652.5000,100.0000,87.7877,87.4154,87.6211,87.9355
653.0000,100.0000,87.8115,87.4381,87.6423,87.9577
653.5000,100.0000,87.8312,87.4597,87.6672,87.9777
654.0000,100.0000,87.8514,87.4785,87.6853,87.9984
654.5000,100.0000,87.8741,87.4961,87.7087,88.0189
655.0000,100.0000,87.8976,87.5190,87.7308,88.0399
655.5000,100.0000,87.9164,87.5411,87.7535,88.0586
656.0000,100.0000,87.9369,87.5641,87.7733,88.0786
656.5000,100.0000,87.9541,87.5894,87.7939,88.0994
657.0000,100.0000,87.9790,87.6127,87.8190,88.1215
657.5000,100.0000,87.9984,87.6332,87.8405,88.1440
658.0000,100.0000,88.0220,87.6502,87.8624,88.1643
658.5000,100.0000,88.0460,87.6705,87.8823,88.1889
659.0000,100.0000,88.0683,87.6937,87.9030,88.2089
659.5000,100.0000,88.0923,87.7132,87.9261,88.2305
660.0000,100.0000,88.1150,87.7318,87.9484,88.2525
660.5000,100.0000,88.1392,87.7550,87.9668,88.2716
661.0000,100.0000,88.1597,87.7739,87.9863,88.2916
661.5000,100.0000,88.1794,87.7944,88.0054,88.3111
662.0000,100.0000,88.2061,87.8185,88.0319,88.3344
662.5000,100.0000,88.2291,87.8389,88.0546,88.3542
663.0000,100.0000,88.2525,87.8613,88.0743,88.3749
663.5000,100.0000,88.2730,87.8823,88.0971,88.3963
664.0000,100.0000,88.2948,87.9035,88.1233,88.4153
664.5000,100.0000,88.3205,87.9253,88.1448,88.4374
665.0000,100.0000,88.3445,87.9447,88.1676,88.4529
665.5000,100.0000,88.3644,87.9679,88.1880,88.4742
666.0000,100.0000,88.3865,87.9869,88.2122,88.4935
666.5000,100.0000,88.4079,88.0075,88.2335,88.5154
667.0000,100.0000,88.4350,88.0315,88.2602,88.5392
667.5000,100.0000,88.4566,88.0537,88.2828,88.5575
668.0000,100.0000,88.4776,88.0764,88.3043,88.5789
668.5000,100.0000,88.4985,88.0994,88.3266,88.5987
669.0000,100.0000,88.5186,88.1199,88.3478,88.6184
669.5000,100.0000,88.5389,88.1393,88.3709,88.6431
670.0000,100.0000,88.5607,88.1618,88.3929,88.6659
670.5000,100.0000,88.5837,88.1793,88.4156,88.6829
671.0000,100.0000,88.6057,88.1976,88.4374,88.7040
671.5000,100.0000,88.6264,88.2170,88.4593,88.7234
672.0000,100.0000,88.6489,88.2352,88.4796,88.7428
672.5000,100.0000,88.6730,88.2596,88.5047,88.7674
673.0000,100.0000,88.6943,88.2824,88.5275,88.7871
673.5000,100.0000,88.7155,88.3089,88.5485,88.8051
674.0000,100.0000,88.7358,88.3300,88.5657,88.8266
674.5000,100.0000,88.7582,88.3518,88.5870,88.8466
675.0000,100.0000,88.7755,88.3732,88.6126,88.8697
675.5000,100.0000,88.7958,88.3939,88.6334,88.8896
676.0000,100.0000,88.8173,88.4130,88.6548,88.9127
676.5000,100.0000,88.8378,88.4364,88.6764,88.9295
677.0000,100.0000,88.8596,88.4563,88.6973,88.9484
677.5000,100.0000,88.8837,88.4811,88.7215,88.9749
678.0000,100.0000,88.9045,88.4994,88.7426,88.9949
678.5000,100.0000,88.9264,88.5194,88.7626,89.0159
679.0000,100.0000,88.9461,88.5410,88.7803,89.0374
679.5000,100.0000,88.9668,88.5623,88.8037,89.0578
680.0000,100.0000,88.9892,88.5814,88.8234,89.0796
680.5000,100.0000,89.0104,88.6042,88.8421,89.1013
681.0000,100.0000,89.0334,88.6234,88.8634,89.1189
681.5000,100.0000,89.0548,88.6458,88.8839,89.1416
682.0000,100.0000,89.0756,88.6683,88.9040,89.1611
682.5000,100.0000,89.1026,88.6908,88.9273,89.1841
683.0000,100.0000,89.1227,88.7140,88.9489,89.2041
683.5000,100.0000,89.1460,88.7363,88.9736,89.2207
684.0000,100.0000,89.1659,88.7559,88.9952,89.2405
684.5000,100.0000,89.1868,88.7765,89.0180,89.2576
685.0000,100.0000,89.2063,88.7961,89.0395,89.2797
685.5000,100.0000,89.2282,88.8152,89.0579,89.3011
686.0000,100.0000,89.2512,88.8357,89.0809,89.3229
686.5000,100.0000,89.2701,88.8551,89.1036,89.3441
687.0000,100.0000,89.2899,88.8738,89.1239,89.3655
687.5000,100.0000,89.3141,88.8992,89.1509,89.3916
688.0000,100.0000,89.3375,88.9174,89.1722,89.4115
688.5000,100.0000,89.3580,88.9395,89.1922,89.4317
689.0000,100.0000,89.3793,88.9562,89.2102,89.4521
689.5000,100.0000,89.3985,88.9745,89.2325,89.4696
690.0000,100.0000,89.4179,88.9948,89.2529,89.4887
690.5000,100.0000,89.4370,89.0148,89.2759,89.5074
691.0000,100.0000,89.4567,89.0349,89.2990,89.5277
691.5000,100.0000,89.4776,89.0565,89.3184,89.5477
692.0000,100.0000,89.4971,89.0804,89.3392,89.5657
692.5000,100.0000,89.5175,89.1012,89.3611,89.5856
693.0000,100.0000,89.5426,89.1239,89.3864,89.6109
693.5000,100.0000,89.5651,89.1480,89.4040,89.6301
694.0000,100.0000,89.5884,89.1706,89.4249,89.6538
694.5000,100.0000,89.6114,89.1924,89.4464,89.6756
695.0000,100.0000,89.6339,89.2133,89.4658,89.6986
695.5000,100.0000,89.6531,89.2351,89.4838,89.7152
696.0000,100.0000,89.6764,89.2575,89.5028,89.7351
696.5000,100.0000,89.6974,89.2765,89.5228,89.7544
697.0000,100.0000,89.7178,89.2973,89.5456,89.7738
697.5000,100.0000,89.7351,89.3209,89.5675,89.7937
698.0000,100.0000,89.7589,89.3456,89.5917,89.8184
698.5000,100.0000,89.7804,89.3668,89.6156,89.8369
699.0000,100.0000,89.7982,89.3869,89.6379,89.8596
699.5000,100.0000,89.8192,89.4066,89.6620,89.8769
700.0000,100.0000,89.8416,89.4251,89.6824,89.8995
700.5000,100.0000,89.8597,89.4437,89.7036,89.9181
701.0000,100.0000,89.8814,89.4633,89.7261,89.9368
701.5000,100.0000,89.9027,89.4827,89.7461,89.9571
702.0000,100.0000,89.9220,89.5020,89.7673,89.9762
702.5000,100.0000,89.9417,89.5204,89.7869,89.9976
703.0000,100.0000,89.9665,89.5410,89.8084,90.0243
703.5000,100.0000,89.9850,89.5605,89.8298,90.0456
704.0000,100.0000,90.0028,89.5808,89.8486,90.0667
704.5000,100.0000,90.0211,89.6044,89.8695,90.0845
705.0000,100.0000,90.0401,89.6238,89.8892,90.1034
705.5000,100.0000,90.0615,89.6452,89.9085,90.1205
706.0000,100.0000,90.0827,89.6642,89.9290,90.1430
706.5000,100.0000,90.1040,89.6844,89.9515,90.1612
707.0000,100.0000,90.1243,89.7049,89.9727,90.1790
707.5000,100.0000,90.1433,89.7241,89.9925,90.1982
708.0000,100.0000,90.1670,89.7489,90.0129,90.2193
708.5000,100.0000,90.1873,89.7714,90.0306,90.2380
709.0000,100.0000,90.2077,89.7900,90.0514,90.2600
709.5000,100.0000,90.2243,89.8079,90.0710,90.2813
710.0000,100.0000,90.2471,89.8258,90.0916,90.3024
710.5000,100.0000,90.2651,89.8477,90.1107,90.3206
711.0000,100.0000,90.2867,89.8689,90.1333,90.3392
711.5000,100.0000,90.3048,89.8874,90.1521,90.3569
712.0000,100.0000,90.3253,89.9084,90.1730,90.3773
712.5000,100.0000,90.3462,89.9262,90.1908,90.3950
713.0000,100.0000,90.3652,89.9452,90.2122,90.4131
713.5000,100.0000,90.3872,89.9664,90.2342,90.4336
714.0000,100.0000,90.4079,89.9869,90.2571,90.4533
714.5000,100.0000,90.4297,90.0108,90.2758,90.4694
715.0000,100.0000,90.4502,90.0327,90.2962,90.4866
715.5000,100.0000,90.4721,90.0519,90.3134,90.5073
716.0000,100.0000,90.4909,90.0701,90.3332,90.5269
716.5000,100.0000,90.5112,90.0887,90.3506,90.5461
717.0000,100.0000,90.5294,90.1090,90.3753,90.5624
717.5000,100.0000,90.5471,90.1255,90.3943,90.5781
718.0000,100.0000,90.5655,90.1421,90.4135,90.5984
718.5000,100.0000,90.5874,90.1621,90.4359,90.6229
719.0000,100.0000,90.6084,90.1838,90.4554,90.6414
719.5000,100.0000,90.6286,90.2004,90.4788,90.6596
720.0000,100.0000,90.6464,90.2181,90.4964,90.6783
720.5000,100.0000,90.6634,90.2395,90.5173,90.6946
721.0000,100.0000,90.6809,90.2563,90.5370,90.7171
721.5000,100.0000,90.7004,90.2752,90.5552,90.7362
722.0000,100.0000,90.7197,90.2914,90.5723,90.7568
722.5000,100.0000,90.7388,90.3120,90.5897,90.7779
723.0000,100.0000,90.7580,90.3300,90.6100,90.7951
723.5000,100.0000,90.7792,90.3505,90.6322,90.8133
724.0000,100.0000,90.7989,90.3716,90.6535,90.8327
724.5000,100.0000,90.8192,90.3891,90.6708,90.8481
725.0000,100.0000,90.8386,90.4085,90.6904,90.8657
725.5000,100.0000,90.8594,90.4276,90.7092,90.8848
726.0000,100.0000,90.8754,90.4489,90.7254,90.9046
726.5000,100.0000,90.8934,90.4695,90.7452,90.9226
727.0000,100.0000,90.9130,90.4903,90.7638,90.9413
727.5000,100.0000,90.9327,90.5111,90.7838,90.9569
728.0000,100.0000,90.9544,90.5293,90.8011,90.9737
728.5000,100.0000,90.9785,90.5494,90.8225,90.9934
729.0000,100.0000,90.9959,90.5709,90.8428,91.0120
729.5000,100.0000,91.0131,90.5900,90.8623,91.0288
730.0000,100.0000,91.0336,90.6069,90.8822,91.0463
730.5000,100.0000,91.0525,90.6272,90.9010,91.0646
731.0000,100.0000,91.0722,90.6460,90.9184,91.0823
731.5000,100.0000,91.0909,90.6624,90.9349,91.0987
732.0000,100.0000,91.1106,90.6833,90.9550,91.1168
732.5000,100.0000,91.1324,90.7017,90.9766,91.1349
733.0000,100.0000,91.1502,90.7190,90.9976,91.1537
733.5000,100.0000,91.1696,90.7359,91.0183,91.1698
734.0000,100.0000,91.1937,90.7571,91.0405,91.1915
734.5000,100.0000,91.2150,90.7781,91.0571,91.2101
735.0000,100.0000,91.2358,90.7973,91.0788,91.2258
735.5000,100.0000,91.2564,90.8154,91.0965,91.2425
736.0000,100.0000,91.2746,90.8360,91.1153,91.2604
736.5000,100.0000,91.2955,90.8527,91.1360,91.2770
737.0000,100.0000,91.3168,90.8678,91.1551,91.2973
737.5000,100.0000,91.3338,90.8878,91.1751,91.3147
738.0000,100.0000,91.3506,90.9051,91.1940,91.3346
738.5000,100.0000,91.3703,90.9200,91.2164,91.3515
739.0000,100.0000,91.3948,90.9451,91.2391,91.3717
739.5000,100.0000,91.4116,90.9637,91.2603,91.3886
740.0000,100.0000,91.4293,90.9804,91.2789,91.4070
740.5000,100.0000,91.4499,90.9971,91.3002,91.4275
741.0000,100.0000,91.4681,91.0174,91.3183,91.4461
741.5000,100.0000,91.4911,91.0373,91.3381,91.4621
742.0000,100.0000,91.5137,91.0565,91.3567,91.4804
742.5000,100.0000,91.5345,91.0742,91.3764,91.4969
743.0000,100.0000,91.5511,91.0932,91.3928,91.5163
743.5000,100.0000,91.5710,91.1128,91.4122,91.5340
744.0000,100.0000,91.5952,91.1341,91.4363,91.5570
744.5000,100.0000,91.6131,91.1507,91.4537,91.5749
745.0000,100.0000,91.6314,91.1710,91.4723,91.5932
745.5000,100.0000,91.6479,91.1920,91.4931,91.6135
746.0000,100.0000,91.6695,91.2109,91.5128,91.6320
746.5000,100.0000,91.6853,91.2272,91.5353,91.6522
747.0000,100.0000,91.7047,91.2444,91.5565,91.6666
747.5000,100.0000,91.7236,91.2629,91.5754,91.6833
748.0000,100.0000,91.7441,91.2834,91.5929,91.6977
748.5000,100.0000,91.7632,91.3006,91.6128,91.7163
749.0000,100.0000,91.7854,91.3233,91.6350,91.7415
749.5000,100.0000,91.8058,91.3413,91.6529,91.7631
750.0000,100.0000,91.8275,91.3613,91.6738,91.7822
750.5000,100.0000,91.8451,91.3810,91.6915,91.8032
751.0000,100.0000,91.8630,91.3998,91.7101,91.8217
751.5000,100.0000,91.8833,91.4199,91.7273,91.8399
752.0000,100.0000,91.9033,91.4359,91.7473,91.8574
752.5000,100.0000,91.9229,91.4534,91.7687,91.8746
753.0000,100.0000,91.9423,91.4715,91.7881,91.8923
753.5000,100.0000,91.9620,91.4904,91.8077,91.9109
754.0000,100.0000,91.9815,91.5091,91.8265,91.9293
754.5000,100.0000,92.0038,91.5321,91.8504,91.9526
755.0000,100.0000,92.0256,91.5496,91.8698,91.9707
755.5000,100.0000,92.0441,91.5692,91.8884,91.9886
756.0000,100.0000,92.0638,91.5903,91.9088,92.0059
756.5000,100.0000,92.0803,91.6078,91.9280,92.0268
757.0000,100.0000,92.0971,91.6260,91.9462,92.0422
757.5000,100.0000,92.1165,91.6440,91.9651,92.0621
758.0000,100.0000,92.1349,91.6637,91.9865,92.0803
758.5000,100.0000,92.1521,91.6820,92.0061,92.0970
759.0000,100.0000,92.1708,91.7021,92.0255,92.1173
759.5000,100.0000,92.1944,91.7261,92.0468,92.1369
760.0000,100.0000,92.2120,91.7431,92.0670,92.1535
760.5000,100.0000,92.2328,91.7607,92.0868,92.1732
761.0000,100.0000,92.2525,91.7775,92.1043,92.1898
761.5000,100.0000,92.2686,91.7967,92.1228,92.2063
762.0000,100.0000,92.2874,91.8149,92.1413,92.2242
762.5000,100.0000,92.3049,91.8331,92.1587,92.2423
763.0000,100.0000,92.3213,91.8514,92.1772,92.2591
763.5000,100.0000,92.3399,91.8719,92.1947,92.2749
764.0000,100.0000,92.3562,91.8887,92.2154,92.2922
764.5000,100.0000,92.3800,91.9112,92.2384,92.3119
765.0000,100.0000,92.3981,91.9304,92.2550,92.3310
765.5000,100.0000,92.4152,91.9488,92.2727,92.3515
766.0000,100.0000,92.4343,91.9649,92.2950,92.3707
766.5000,100.0000,92.4537,91.9826,92.3114,92.3895
767.0000,100.0000,92.4712,92.0003,92.3300,92.4043
767.5000,100.0000,92.4893,92.0193,92.3483,92.4222
768.0000,100.0000,92.5064,92.0375,92.3657,92.4406
768.5000,100.0000,92.5221,92.0565,92.3835,92.4594
769.0000,100.0000,92.5415,92.0723,92.4005,92.4759
769.5000,100.0000,92.5616,92.0934,92.4238,92.4969
770.0000,100.0000,92.5790,92.1124,92.4412,92.5123
770.5000,100.0000,92.6005,92.1324,92.4592,92.5299
771.0000,100.0000,92.6202,92.1522,92.4802,92.5475
771.5000,100.0000,92.6403,92.1708,92.4986,92.5638
772.0000,100.0000,92.6611,92.1900,92.5168,92.5810
772.5000,100.0000,92.6774,92.2076,92.5341,92.5987
773.0000,100.0000,92.6968,92.2241,92.5527,92.6136
773.5000,100.0000,92.7156,92.2428,92.5700,92.6291
774.0000,100.0000,92.7339,92.2604,92.5897,92.6470
774.5000,100.0000,92.7524,92.2790,92.6062,92.6640
775.0000,100.0000,92.7743,92.3007,92.6266,92.6836
775.5000,100.0000,92.7950,92.3195,92.6474,92.6996
776.0000,100.0000,92.8139,92.3352,92.6676,92.7187
776.5000,100.0000,92.8316,92.3541,92.6873,92.7350
777.0000,100.0000,92.8492,92.3711,92.7053,92.7527
777.5000,100.0000,92.8658,92.3891,92.7252,92.7685
778.0000,100.0000,92.8853,92.4045,92.7455,92.7844
778.5000,100.0000,92.9027,92.4214,92.7633,92.8044
779.0000,100.0000,92.9185,92.4376,92.7824,92.8213
779.5000,100.0000,92.9364,92.4549,92.7997,92.8372
780.0000,100.0000,92.9569,92.4717,92.8208,92.8584
780.5000,100.0000,92.9764,92.4909,92.8417,92.8745
781.0000,100.0000,92.9935,92.5081,92.8606,92.8902
781.5000,100.0000,93.0133,92.5263,92.8792,92.9093
782.0000,100.0000,93.0310,92.5433,92.8954,92.9269
782.5000,100.0000,93.0485,92.5593,92.9140,92.9463
783.0000,100.0000,93.0668,92.5776,92.9336,92.9645
783.5000,100.0000,93.0824,92.5967,92.9506,92.9839
784.0000,100.0000,93.0996,92.6149,92.9655,93.0013
784.5000,100.0000,93.1164,92.6345,92.9816,93.0193
785.0000,100.0000,93.1387,92.6558,93.0026,93.0390
785.5000,100.0000,93.1610,92.6760,93.0209,93.0533
786.0000,100.0000,93.1767,92.6911,93.0385,93.0717
786.5000,100.0000,93.1945,92.7107,93.0568,93.0872
787.0000,100.0000,93.2113,92.7266,93.0754,93.1054
787.5000,100.0000,93.2318,92.7457,93.0925,93.1242
788.0000,100.0000,93.2505,92.7653,93.1123,93.1411
788.5000,100.0000,93.2690,92.7861,93.1280,93.1572
789.0000,100.0000,93.2868,92.8060,93.1463,93.1725
789.5000,100.0000,93.3049,92.8249,93.1649,93.1916
790.0000,100.0000,93.3240,92.8457,93.1853,93.2113
790.5000,100.0000,93.3410,92.8634,93.2051,93.2300
791.0000,100.0000,93.3586,92.8800,93.2227,93.2440
791.5000,100.0000,93.3765,92.8972,93.2379,93.2603
792.0000,100.0000,93.3990,92.9143,93.2576,93.2785
792.5000,100.0000,93.4174,92.9326,93.2761,93.2942
793.0000,100.0000,93.4361,92.9500,93.2965,93.3095
793.5000,100.0000,93.4538,92.9674,93.3124,93.3255
794.0000,100.0000,93.4715,92.9837,93.3323,93.3432
794.5000,100.0000,93.4884,93.0009,93.3465,93.3615
795.0000,100.0000,93.5052,93.0197,93.3627,93.3792
795.5000,100.0000,93.5290,93.0412,93.3863,93.4001
796.0000,100.0000,93.5477,93.0567,93.4037,93.4165
796.5000,100.0000,93.5651,93.0733,93.4232,93.4304
797.0000,100.0000,93.5800,93.0919,93.4436,93.4452
797.5000,100.0000,93.5948,93.1102,93.4630,93.4595
798.0000,100.0000,93.6111,93.1244,93.4793,93.4752
798.5000,100.0000,93.6284,93.1419,93.4967,93.4920
799.0000,100.0000,93.6449,93.1611,93.5154,93.5102
799.5000,100.0000,93.6609,93.1803,93.5334,93.5271
800.0000,100.0000,93.6779,93.1995,93.5506,93.5443
800.5000,100.0000,93.6961,93.2211,93.5710,93.5687
801.0000,100.0000,93.7140,93.2423,93.5907,93.5861
801.5000,100.0000,93.7311,93.2561,93.6054,93.6025
802.0000,100.0000,93.7467,93.2711,93.6206,93.6207
802.5000,100.0000,93.7658,93.2874,93.6379,93.6379
803.0000,100.0000,93.7817,93.3041,93.6516,93.6530
803.5000,100.0000,93.7983,93.3197,93.6685,93.6708
804.0000,100.0000,93.8154,93.3381,93.6873,93.6862
804.5000,100.0000,93.8338,93.3552,93.7058,93.7030
805.0000,100.0000,93.8540,93.3690,93.7209,93.7192
805.5000,100.0000,93.8715,93.3889,93.7401,93.7399
806.0000,100.0000,93.8925,93.4083,93.7580,93.7540
806.5000,100.0000,93.9110,93.4260,93.7745,93.7688
807.0000,100.0000,93.9296,93.4412,93.7917,93.7827
807.5000,100.0000,93.9470,93.4602,93.8094,93.7965
808.0000,100.0000,93.9659,93.4758,93.8249,93.8127
808.5000,100.0000,93.9842,93.4932,93.8435,93.8318
809.0000,100.0000,94.0016,93.5119,93.8586,93.8471
809.5000,100.0000,94.0164,93.5291,93.8771,93.8616
810.0000,100.0000,94.0347,93.5443,93.8969,93.8783
810.5000,100.0000,94.0565,93.5636,93.9167,93.8965
811.0000,100.0000,94.0745,93.5799,93.9339,93.9122
811.5000,100.0000,94.0919,93.5946,93.9530,93.9297
812.0000,100.0000,94.1107,93.6113,93.9721,93.9471
812.5000,100.0000,94.1280,93.6264,93.9904,93.9634
813.0000,100.0000,94.1457,93.6412,94.0090,93.9769
813.5000,100.0000,94.1631,93.6585,94.0259,93.9924
814.0000,100.0000,94.1791,93.6763,94.0441,94.0088
814.5000,100.0000,94.1951,93.6919,94.0600,94.0259
815.0000,100.0000,94.2103,93.7090,94.0764,94.0422
815.5000,100.0000,94.2280,93.7277,94.0940,94.0558
816.0000,100.0000,94.2475,93.7471,94.1140,94.0747
816.5000,100.0000,94.2658,93.7657,94.1334,94.0926
817.0000,100.0000,94.2824,93.7828,94.1506,94.1110
817.5000,100.0000,94.3003,93.8008,94.1683,94.1299
818.0000,100.0000,94.3178,93.8159,94.1832,94.1483
818.5000,100.0000,94.3365,93.8298,94.1988,94.1646
819.0000,100.0000,94.3518,93.8470,94.2145,94.1817
819.5000,100.0000,94.3672,93.8653,94.2324,94.1973
820.0000,100.0000,94.3875,93.8844,94.2492,94.2139
820.5000,100.0000,94.4052,93.9000,94.2673,94.2282
821.0000,100.0000,94.4232,93.9186,94.2870,94.2461
821.5000,100.0000,94.4389,93.9340,94.3042,94.2653
822.0000,100.0000,94.4572,93.9515,94.3210,94.2795
822.5000,100.0000,94.4729,93.9692,94.3367,94.2951
823.0000,100.0000,94.4911,93.9892,94.3550,94.3097
823.5000,100.0000,94.5089,94.0068,94.3711,94.3263
824.0000,100.0000,94.5258,94.0233,94.3882,94.3412
824.5000,100.0000,94.5426,94.0400,94.4062,94.3567
825.0000,100.0000,94.5575,94.0572,94.4255,94.3736
825.5000,100.0000,94.5765,94.0743,94.4413,94.3870
826.0000,100.0000,94.5956,94.0931,94.4596,94.4047
826.5000,100.0000,94.6128,94.1081,94.4736,94.4212
827.0000,100.0000,94.6277,94.1237,94.4902,94.4370
827.5000,100.0000,94.6454,94.1388,94.5085,94.4530
828.0000,100.0000,94.6647,94.1562,94.5257,94.4713
828.5000,100.0000,94.6838,94.1704,94.5430,94.4866
829.0000,100.0000,94.7025,94.1875,94.5618,94.5022
829.5000,100.0000,94.7219,94.2043,94.5797,94.5193
830.0000,100.0000,94.7403,94.2188,94.5949,94.5335
830.5000,100.0000,94.7551,94.2347,94.6118,94.5496
831.0000,100.0000,94.7742,94.2558,94.6337,94.5686
831.5000,100.0000,94.7891,94.2713,94.6497,94.5815
832.0000,100.0000,94.8063,94.2859,94.6660,94.5983
832.5000,100.0000,94.8252,94.3017,94.6829,94.6191
833.0000,100.0000,94.8410,94.3173,94.7029,94.6357
833.5000,100.0000,94.8567,94.3365,94.7195,94.6508
834.0000,100.0000,94.8708,94.3528,94.7369,94.6665
834.5000,100.0000,94.8858,94.3691,94.7539,94.6830
835.0000,100.0000,94.9017,94.3865,94.7732,94.7012
835.5000,100.0000,94.9191,94.4027,94.7908,94.7166
836.0000,100.0000,94.9340,94.4196,94.8063,94.7312
836.5000,100.0000,94.9556,94.4360,94.8261,94.7491
837.0000,100.0000,94.9707,94.4525,94.8404,94.7651
837.5000,100.0000,94.9884,94.4675,94.8550,94.7821
838.0000,100.0000,95.0048,94.4867,94.8734,94.7956
838.5000,100.0000,95.0233,94.5029,94.8901,94.8116
839.0000,100.0000,95.0399,94.5199,94.9049,94.8247
839.5000,100.0000,95.0553,94.5357,94.9184,94.8377
840.0000,100.0000,95.0740,94.5551,94.9344,94.8545
840.5000,100.0000,95.0886,94.5728,94.9491,94.8678
841.0000,100.0000,95.1036,94.5895,94.9670,94.8830
841.5000,100.0000,95.1229,94.6070,94.9886,94.9007
842.0000,100.0000,95.1377,94.6240,95.0063,94.9170
842.5000,100.0000,95.1572,94.6415,95.0218,94.9359
843.0000,100.0000,95.1766,94.6589,95.0370,94.9505
843.5000,100.0000,95.1918,94.6766,95.0558,94.9671
844.0000,100.0000,95.2102,94.6961,95.0707,94.9845
844.5000,100.0000,95.2257,94.7104,95.0873,95.0016
845.0000,100.0000,95.2432,94.7267,95.1040,95.0174
845.5000,100.0000,95.2574,94.7433,95.1207,95.0328
846.0000,100.0000,95.2750,94.7587,95.1363,95.0483
846.5000,100.0000,95.2938,94.7758,95.1551,95.0680
847.0000,100.0000,95.3109,94.7919,95.1711,95.0839
847.5000,100.0000,95.3272,94.8078,95.1897,95.0982
848.0000,100.0000,95.3445,94.8254,95.2076,95.1118
848.5000,100.0000,95.3586,94.8382,95.2242,95.1273
849.0000,100.0000,95.3743,94.8514,95.2408,95.1424
849.5000,100.0000,95.3900,94.8677,95.2593,95.1573
850.0000,100.0000,95.4087,94.8860,95.2738,95.1712
850.5000,100.0000,95.4238,94.9043,95.2882,95.1884
851.0000,100.0000,95.4384,94.9199,95.3075,95.2033
851.5000,100.0000,95.4548,94.9402,95.3252,95.2230
852.0000,100.0000,95.4731,94.9528,95.3419,95.2389
852.5000,100.0000,95.4890,94.9723,95.3592,95.2523
853.0000,100.0000,95.5036,94.9880,95.3757,95.2692
853.5000,100.0000,95.5169,95.0030,95.3909,95.2837
854.0000,100.0000,95.5343,95.0199,95.4067,95.2989
854.5000,100.0000,95.5504,95.0344,95.4210,95.3159
855.0000,100.0000,95.5700,95.0482,95.4401,95.3301
855.5000,100.0000,95.5874,95.0663,95.4556,95.3460
856.0000,100.0000,95.6033,95.0821,95.4724,95.3625
856.5000,100.0000,95.6187,95.0972,95.4870,95.3763
857.0000,100.0000,95.6372,95.1161,95.5056,95.3937
857.5000,100.0000,95.6532,95.1341,95.5204,95.4096
858.0000,100.0000,95.6720,95.1496,95.5340,95.4238
858.5000,100.0000,95.6877,95.1639,95.5523,95.4384
859.0000,100.0000,95.7027,95.1794,95.5700,95.4559
859.5000,100.0000,95.7162,95.1915,95.5874,95.4732
860.0000,100.0000,95.7325,95.2126,95.6040,95.4866
860.5000,100.0000,95.7517,95.2273,95.6231,95.5001
861.0000,100.0000,95.7722,95.2456,95.6369,95.5159
861.5000,100.0000,95.7874,95.2635,95.6530,95.5313
862.0000,100.0000,95.8037,95.2835,95.6718,95.5516
862.5000,100.0000,95.8219,95.2990,95.6894,95.5672
863.0000,100.0000,95.8400,95.3160,95.7072,95.5803
863.5000,100.0000,95.8570,95.3310,95.7212,95.5952
864.0000,100.0000,95.8745,95.3475,95.7364,95.6120
864.5000,100.0000,95.8881,95.3623,95.7510,95.6272
865.0000,100.0000,95.9028,95.3773,95.7701,95.6440
865.5000,100.0000,95.9193,95.3932,95.7867,95.6588
866.0000,100.0000,95.9335,95.4098,95.8055,95.6742
866.5000,100.0000,95.9479,95.4244,95.8233,95.6891
867.0000,100.0000,95.9712,95.4427,95.8388,95.7052
867.5000,100.0000,95.9904,95.4581,95.8562,95.7214
868.0000,100.0000,96.0047,95.4738,95.8755,95.7382
868.5000,100.0000,96.0223,95.4864,95.8910,95.7525
869.0000,100.0000,96.0362,95.4983,95.9076,95.7675
869.5000,100.0000,96.0507,95.5154,95.9216,95.7834
870.0000,100.0000,96.0655,95.5329,95.9374,95.7981
870.5000,100.0000,96.0852,95.5483,95.9509,95.8124
871.0000,100.0000,96.0999,95.5652,95.9675,95.8290
871.5000,100.0000,96.1141,95.5802,95.9836,95.8447
872.0000,100.0000,96.1345,95.6000,96.0022,95.8627
872.5000,100.0000,96.1529,95.6125,96.0192,95.8779
873.0000,100.0000,96.1682,95.6284,96.0372,95.8961
873.5000,100.0000,96.1840,95.6472,96.0521,95.9104
874.0000,100.0000,96.2003,95.6652,96.0676,95.9263
874.5000,100.0000,96.2163,95.6821,96.0819,95.9409
875.0000,100.0000,96.2293,95.6959,96.0974,95.9564
875.5000,100.0000,96.2439,95.7116,96.1157,95.9714
876.0000,100.0000,96.2596,95.7258,96.1323,95.9876
876.5000,100.0000,96.2737,95.7426,96.1477,96.0037
877.0000,100.0000,96.2903,95.7570,96.1641,96.0182
877.5000,100.0000,96.3102,95.7773,96.1843,96.0356
878.0000,100.0000,96.3270,95.7937,96.1985,96.0525
878.5000,100.0000,96.3436,95.8103,96.2134,96.0688
879.0000,100.0000,96.3588,95.8259,96.2308,96.0855
879.5000,100.0000,96.3729,95.8436,96.2466,96.0995
880.0000,100.0000,96.3902,95.8588,96.2616,96.1136
880.5000,100.0000,96.4052,95.8739,96.2762,96.1293
881.0000,100.0000,96.4201,95.8886,96.2892,96.1429
881.5000,100.0000,96.4370,95.9022,96.3042,96.1594
882.0000,100.0000,96.4527,95.9190,96.3205,96.1749
882.5000,100.0000,96.4726,95.9377,96.3390,96.1893
883.0000,100.0000,96.4881,95.9540,96.3564,96.2011
883.5000,100.0000,96.5031,95.9678,96.3730,96.2153
884.0000,100.0000,96.5176,95.9857,96.3869,96.2314
884.5000,100.0000,96.5327,96.0024,96.4021,96.2464
885.0000,100.0000,96.5484,96.0205,96.4180,96.2616
885.5000,100.0000,96.5627,96.0339,96.4348,96.2758
886.0000,100.0000,96.5788,96.0477,96.4495,96.2901
886.5000,100.0000,96.5947,96.0643,96.4649,96.3069
887.0000,100.0000,96.6097,96.0781,96.4798,96.3219
887.5000,100.0000,96.6305,96.0980,96.4991,96.3385
888.0000,100.0000,96.6454,96.1128,96.5153,96.3506
888.5000,100.0000,96.6636,96.1301,96.5295,96.3653
889.0000,100.0000,96.6770,96.1431,96.5437,96.3797
889.5000,100.0000,96.6920,96.1568,96.5584,96.3943
890.0000,100.0000,96.7108,96.1709,96.5755,96.4100
890.5000,100.0000,96.7263,96.1866,96.5902,96.4244
891.0000,100.0000,96.7408,96.2021,96.6077,96.4399
891.5000,100.0000,96.7543,96.2196,96.6223,96.4533
892.0000,100.0000,96.7677,96.2347,96.6391,96.4669
892.5000,100.0000,96.7879,96.2515,96.6577,96.4820
893.0000,100.0000,96.8023,96.2673,96.6732,96.4967
893.5000,100.0000,96.8215,96.2821,96.6907,96.5129
894.0000,100.0000,96.8368,96.2976,96.7046,96.5303
894.5000,100.0000,96.8531,96.3113,96.7211,96.5443
895.0000,100.0000,96.8660,96.3249,96.7370,96.5568
895.5000,100.0000,96.8797,96.3386,96.7505,96.5705
896.0000,100.0000,96.8957,96.3527,96.7641,96.5852
896.5000,100.0000,96.9108,96.3699,96.7810,96.6000
897.0000,100.0000,96.9254,96.3872,96.7971,96.6147
897.5000,100.0000,96.9437,96.4023,96.8120,96.6310
898.0000,100.0000,96.9599,96.4208,96.8298,96.6472
898.5000,100.0000,96.9755,96.4361,96.8467,96.6626
899.0000,100.0000,96.9891,96.4494,96.8602,96.6770
899.5000,100.0000,97.0046,96.4636,96.8756,96.6894
900.0000,100.0000,97.0200,96.4785,96.8885,96.7018
900.5000,100.0000,97.0346,96.4932,96.9031,96.7177
901.0000,100.0000,97.0507,96.5058,96.9169,96.7329
901.5000,100.0000,97.0668,96.5196,96.9328,96.7482
902.0000,100.0000,97.0824,96.5352,96.9501,96.7657
902.5000,100.0000,97.0979,96.5515,96.9672,96.7797
903.0000,100.0000,97.1167,96.5701,96.9835,96.7963
903.5000,100.0000,97.1322,96.5864,96.9979,96.8113
904.0000,100.0000,97.1471,96.6007,97.0135,96.8264
904.5000,100.0000,97.1601,96.6162,97.0283,96.8416
905.0000,100.0000,97.1756,96.6302,97.0414,96.8546
905.5000,100.0000,97.1899,96.6437,97.0555,96.8699
906.0000,100.0000,97.2042,96.6562,97.0724,96.8839
906.5000,100.0000,97.2236,96.6715,97.0892,96.8952
907.0000,100.0000,97.2410,96.6847,97.1042,96.9113
907.5000,100.0000,97.2548,96.7018,97.1171,96.9250
908.0000,100.0000,97.2711,96.7228,97.1345,96.9419
908.5000,100.0000,97.2857,96.7374,97.1516,96.9576
909.0000,100.0000,97.3009,96.7515,97.1660,96.9695
909.5000,100.0000,97.3152,96.7661,97.1806,96.9837
910.0000,100.0000,97.3292,96.7803,97.1992,96.9973
910.5000,100.0000,97.3450,96.7966,97.2142,97.0089
911.0000,100.0000,97.3602,96.8100,97.2296,97.0229
911.5000,100.0000,97.3746,96.8258,97.2469,97.0330
912.0000,100.0000,97.3930,96.8395,97.2634,97.0448
912.5000,100.0000,97.4061,96.8539,97.2758,97.0586
913.0000,100.0000,97.4266,96.8723,97.2926,97.0744
913.5000,100.0000,97.4399,96.8889,97.3059,97.0894
914.0000,100.0000,97.4523,96.9029,97.3214,97.1049
914.5000,100.0000,97.4714,96.9184,97.3352,97.1205
915.0000,100.0000,97.4863,96.9309,97.3506,97.1345
915.5000,100.0000,97.5017,96.9440,97.3655,97.1478
916.0000,100.0000,97.5168,96.9581,97.3823,97.1637
916.5000,100.0000,97.5309,96.9725,97.3983,97.1789
917.0000,100.0000,97.5440,96.9868,97.4131,97.1955
917.5000,100.0000,97.5598,97.0004,97.4260,97.2108
918.0000,100.0000,97.5728,97.0145,97.4432,97.2261
918.5000,100.0000,97.5913,97.0294,97.4606,97.2458
919.0000,100.0000,97.6065,97.0435,97.4735,97.2597
919.5000,100.0000,97.6210,97.0573,97.4905,97.2744
920.0000,100.0000,97.6361,97.0732,97.5064,97.2868
920.5000,100.0000,97.6493,97.0872,97.5221,97.2987
921.0000,100.0000,97.6633,97.1018,97.5367,97.3115
921.5000,100.0000,97.6796,97.1153,97.5506,97.3250
922.0000,100.0000,97.6940,97.1304,97.5643,97.3430
922.5000,100.0000,97.7091,97.1471,97.5782,97.3590
923.0000,100.0000,97.7260,97.1635,97.5938,97.3759
923.5000,100.0000,97.7432,97.1819,97.6122,97.3932
924.0000,100.0000,97.7595,97.1972,97.6273,97.4067
924.5000,100.0000,97.7734,97.2143,97.6441,97.4204
925.0000,100.0000,97.7877,97.2292,97.6585,97.4334
925.5000,100.0000,97.8032,97.2424,97.6697,97.4489
926.0000,100.0000,97.8161,97.2565,97.6841,97.4605
926.5000,100.0000,97.8310,97.2711,97.6988,97.4754
927.0000,100.0000,97.8484,97.2829,97.7128,97.4880
927.5000,100.0000,97.8622,97.2965,97.7296,97.5034
928.0000,100.0000,97.8810,97.3100,97.7434,97.5185
928.5000,100.0000,97.8979,97.3280,97.7618,97.5374
929.0000,100.0000,97.9117,97.3430,97.7759,97.5500
929.5000,100.0000,97.9264,97.3579,97.7891,97.5647
930.0000,100.0000,97.9423,97.3722,97.8048,97.5773
930.5000,100.0000,97.9598,97.3860,97.8200,97.5924
931.0000,100.0000,97.9723,97.3970,97.8343,97.6067
931.5000,100.0000,97.9858,97.4120,97.8503,97.6200
932.0000,100.0000,98.0024,97.4248,97.8683,97.6335
932.5000,100.0000,98.0160,97.4387,97.8829,97.6461
933.0000,100.0000,98.0292,97.4500,97.8961,97.6571
933.5000,100.0000,98.0442,97.4660,97.9147,97.6731
934.0000,100.0000,98.0592,97.4809,97.9301,97.6854
934.5000,100.0000,98.0726,97.4949,97.9440,97.6967
935.0000,100.0000,98.0850,97.5084,97.9604,97.7101
935.5000,100.0000,98.0974,97.5234,97.9756,97.7243
936.0000,100.0000,98.1139,97.5363,97.9896,97.7391
936.5000,100.0000,98.1264,97.5520,98.0037,97.7537
937.0000,100.0000,98.1415,97.5673,98.0192,97.7656
937.5000,100.0000,98.1559,97.5807,98.0317,97.7795
938.0000,100.0000,98.1707,97.5949,98.0447,97.7918
938.5000,100.0000,98.1864,97.6088,98.0574,97.8046
939.0000,100.0000,98.2018,97.6230,98.0746,97.8212
939.5000,100.0000,98.2163,97.6365,98.0850,97.8349
940.0000,100.0000,98.2304,97.6501,98.0993,97.8495
940.5000,100.0000,98.2447,97.6636,98.1133,97.8626
941.0000,100.0000,98.2606,97.6786,98.1290,97.8758
941.5000,100.0000,98.2755,97.6942,98.1409,97.8905
942.0000,100.0000,98.2878,97.7103,98.1556,97.9033
942.5000,100.0000,98.3031,97.7260,98.1690,97.9191
943.0000,100.0000,98.3184,97.7395,98.1856,97.9327
943.5000,100.0000,98.3329,97.7555,98.1996,97.9487
944.0000,100.0000,98.3540,97.7741,98.2171,97.9650
944.5000,100.0000,98.3689,97.7888,98.2306,97.9771
945.0000,100.0000,98.3860,97.8027,98.2452,97.9916
945.5000,100.0000,98.3995,97.8173,98.2591,98.0021
946.0000,100.0000,98.4135,97.8302,98.2744,98.0142
946.5000,100.0000,98.4284,97.8448,98.2881,98.0310
947.0000,100.0000,98.4445,97.8575,98.3021,98.0434
947.5000,100.0000,98.4582,97.8715,98.3163,98.0566
948.0000,100.0000,98.4734,97.8853,98.3328,98.0681
948.5000,100.0000,98.4878,97.9008,98.3486,98.0820
949.0000,100.0000,98.5058,97.9185,98.3680,98.0963
949.5000,100.0000,98.5164,97.9333,98.3841,98.1100
950.0000,100.0000,98.5273,97.9491,98.3986,98.1218
950.5000,100.0000,98.5439,97.9628,98.4124,98.1365
951.0000,100.0000,98.5586,97.9772,98.4261,98.1511
951.5000,100.0000,98.5713,97.9884,98.4402,98.1662
952.0000,100.0000,98.5858,98.0017,98.4555,98.1789
952.5000,100.0000,98.6008,98.0167,98.4697,98.1914
953.0000,100.0000,98.6176,98.0303,98.4823,98.2050
953.5000,100.0000,98.6299,98.0432,98.4974,98.2218
954.0000,100.0000,98.6465,98.0603,98.5184,98.2403
954.5000,100.0000,98.6595,98.0733,98.5304,98.2527
955.0000,100.0000,98.6707,98.0846,98.5431,98.2683
955.5000,100.0000,98.6845,98.1011,98.5599,98.2820
956.0000,100.0000,98.6980,98.1151,98.5719,98.2960
956.5000,100.0000,98.7123,98.1287,98.5827,98.3118
957.0000,100.0000,98.7298,98.1435,98.5988,98.3255
957.5000,100.0000,98.7424,98.1588,98.6134,98.3430
958.0000,100.0000,98.7565,98.1725,98.6297,98.3553
958.5000,100.0000,98.7704,98.1849,98.6426,98.3669
959.0000,100.0000,98.7843,98.1992,98.6542,98.3792
959.5000,100.0000,98.8028,98.2137,98.6712,98.3949
960.0000,100.0000,98.8188,98.2295,98.6819,98.4068
960.5000,100.0000,98.8339,98.2436,98.6968,98.4192
961.0000,100.0000,98.8472,98.2567,98.7108,98.4326
961.5000,100.0000,98.8640,98.2716,98.7247,98.4464
962.0000,100.0000,98.8792,98.2843,98.7409,98.4583
962.5000,100.0000,98.8933,98.3016,98.7545,98.4717
963.0000,100.0000,98.9063,98.3155,98.7689,98.4839
963.5000,100.0000,98.9236,98.3304,98.7853,98.4959
964.0000,100.0000,98.9374,98.3456,98.7997,98.5091
964.5000,100.0000,98.9535,98.3602,98.8154,98.5235
965.0000,100.0000,98.9683,98.3717,98.8303,98.5386
965.5000,100.0000,98.9838,98.3857,98.8443,98.5523
966.0000,100.0000,98.9998,98.3985,98.8581,98.5636
966.5000,100.0000,99.0136,98.4136,98.8725,98.5780
967.0000,100.0000,99.0286,98.4262,98.8879,98.5914
967.5000,100.0000,99.0425,98.4386,98.9039,98.6038
968.0000,100.0000,99.0602,98.4513,98.9161,98.6152
968.5000,100.0000,99.0761,98.4665,98.9354,98.6288
969.0000,100.0000,99.0920,98.4813,98.9501,98.6427
969.5000,100.0000,99.1094,98.4965,98.9667,98.6575
970.0000,100.0000,99.1239,98.5087,98.9817,98.6749
970.5000,100.0000,99.1384,98.5229,98.9967,98.6883
971.0000,100.0000,99.1511,98.5371,99.0120,98.7004
971.5000,100.0000,99.1636,98.5510,99.0258,98.7131
972.0000,100.0000,99.1771,98.5641,99.0410,98.7267
972.5000,100.0000,99.1915,98.5775,99.0569,98.7395
973.0000,100.0000,99.2083,98.5937,99.0733,98.7517
973.5000,100.0000,99.2223,98.6069,99.0885,98.7654
974.0000,100.0000,99.2337,98.6194,99.1035,98.7806
974.5000,100.0000,99.2496,98.6325,99.1193,98.7967
975.0000,100.0000,99.2646,98.6454,99.1327,98.8119
975.5000,100.0000,99.2781,98.6595,99.1470,98.8229
976.0000,100.0000,99.2915,98.6727,99.1600,98.8333
976.5000,100.0000,99.3055,98.6881,99.1743,98.8484
977.0000,100.0000,99.3221,98.7010,99.1864,98.8610
977.5000,100.0000,99.3350,98.7146,99.2021,98.8734
978.0000,100.0000,99.3472,98.7285,99.2176,98.8871
978.5000,100.0000,99.3596,98.7446,99.2302,98.8995
979.0000,100.0000,99.3741,98.7568,99.2428,98.9113
979.5000,100.0000,99.3902,98.7707,99.2542,98.9244
980.0000,100.0000,99.4052,98.7868,99.2707,98.9398
980.5000,100.0000,99.4184,98.8037,99.2861,98.9533
981.0000,100.0000,99.4310,98.8174,99.2990,98.9663
981.5000,100.0000,99.4439,98.8307,99.3145,98.9795
982.0000,100.0000,99.4600,98.8443,99.3291,98.9932
982.5000,100.0000,99.4737,98.8568,99.3419,99.0035
983.0000,100.0000,99.4894,98.8717,99.3550,99.0154
983.5000,100.0000,99.5015,98.8849,99.3681,99.0279
984.0000,100.0000,99.5154,98.9003,99.3829,99.0415
984.5000,100.0000,99.5311,98.9135,99.3987,99.0553
985.0000,100.0000,99.5465,98.9284,99.4145,99.0711
985.5000,100.0000,99.5621,98.9410,99.4279,99.0850
986.0000,100.0000,99.5752,98.9531,99.4392,99.0961
986.5000,100.0000,99.5885,98.9680,99.4540,99.1095
987.0000,100.0000,99.6020,98.9837,99.4705,99.1194
987.5000,100.0000,99.6170,98.9963,99.4821,99.1317
988.0000,100.0000,99.6342,99.0108,99.4956,99.1441
988.5000,100.0000,99.6481,99.0276,99.5119,99.1607
989.0000,100.0000,99.6626,99.0392,99.5255,99.1753
989.5000,100.0000,99.6779,99.0508,99.5384,99.1891
990.0000,100.0000,99.6904,99.0679,99.5570,99.2032
990.5000,100.0000,99.7056,99.0821,99.5705,99.2188
991.0000,100.0000,99.7208,99.0970,99.5829,99.2335
991.5000,100.0000,99.7342,99.1117,99.5955,99.2481
992.0000,100.0000,99.7481,99.1257,99.6090,99.2632
992.5000,100.0000,99.7607,99.1370,99.6233,99.2764
993.0000,100.0000,99.7742,99.1519,99.6413,99.2883
993.5000,100.0000,99.7874,99.1653,99.6562,99.2978
994.0000,100.0000,99.8003,99.1785,99.6704,99.3104
994.5000,100.0000,99.8155,99.1923,99.6828,99.3243
995.0000,100.0000,99.8304,99.2087,99.6980,99.3400
995.5000,100.0000,99.8430,99.2219,99.7123,99.3541
996.0000,100.0000,99.8568,99.2354,99.7271,99.3678
996.5000,100.0000,99.8702,99.2486,99.7430,99.3835
997.0000,100.0000,99.8849,99.2627,99.7568,99.3974
997.5000,100.0000,99.8984,99.2779,99.7680,99.4098
998.0000,100.0000,99.9087,99.2899,99.7817,99.4238
998.5000,100.0000,99.9211,99.3056,99.7960,99.4386
999.0000,100.0000,99.9329,99.3191,99.8088,99.4527
999.5000,100.0000,99.9445,99.3307,99.8205,99.4648
1000.0000,100.0000,99.9554,99.3409,99.8338,99.4764
1000.5000,100.0000,99.9641,99.3549,99.8478,99.4904
1001.0000,100.0000,99.9705,99.3669,99.8630,99.5044
1001.5000,100.0000,99.9754,99.3791,99.8767,99.5181
1002.0000,100.0000,99.9818,99.3951,99.8902,99.5287
1002.5000,100.0000,99.9868,99.4108,99.9025,99.5427
1003.0000,100.0000,99.9911,99.4233,99.9122,99.5576
1003.5000,100.0000,99.9944,99.4392,99.9236,99.5686
1004.0000,100.0000,99.9961,99.4538,99.9348,99.5802
1004.5000,100.0000,99.9969,99.4663,99.9463,99.5918
1005.0000,100.0000,99.9981,99.4828,99.9553,99.6039
1005.5000,100.0000,99.9981,99.4999,99.9646,99.6178
1006.0000,100.0000,99.9981,99.5135,99.9708,99.6301
1006.5000,100.0000,99.9981,99.5251,99.9750,99.6422
1007.0000,100.0000,99.9981,99.5359,99.9800,99.6553
1007.5000,100.0000,99.9981,99.5490,99.9846,99.6683
1008.0000,100.0000,99.9981,99.5625,99.9888,99.6822
1008.5000,100.0000,99.9981,99.5750,99.9911,99.6960
1009.0000,100.0000,99.9981,99.5883,99.9927,99.7049
1009.5000,100.0000,99.9981,99.6037,99.9933,99.7159
1010.0000,100.0000,99.9981,99.6158,99.9938,99.7287
1010.5000,100.0000,99.9981,99.6298,99.9938,99.7427
1011.0000,100.0000,99.9981,99.6414,99.9938,99.7538
1011.5000,100.0000,99.9981,99.6543,99.9939,99.7666
1012.0000,100.0000,99.9981,99.6661,99.9939,99.7767
1012.5000,100.0000,99.9981,99.6786,99.9939,99.7872
1013.0000,100.0000,99.9981,99.6936,99.9939,99.7970
1013.5000,100.0000,99.9981,99.7043,99.9939,99.8074
1014.0000,100.0000,99.9981,99.7180,99.9939,99.8152
1014.5000,100.0000,99.9981,99.7310,99.9939,99.8217
1015.0000,100.0000,99.9981,99.7436,99.9939,99.8287
1015.5000,100.0000,99.9981,99.7591,99.9939,99.8344
1016.0000,100.0000,99.9981,99.7703,99.9939,99.8406
1016.5000,100.0000,99.9981,99.7841,99.9939,99.8461
1017.0000,100.0000,99.9981,99.7953,99.9939,99.8510
1017.5000,100.0000,99.9981,99.8073,99.9939,99.8563
1018.0000,100.0000,99.9981,99.8164,99.9939,99.8605
1018.5000,100.0000,99.9981,99.8268,99.9941,99.8647
1019.0000,100.0000,99.9981,99.8360,99.9941,99.8681
1019.5000,100.0000,99.9981,99.8439,99.9941,99.8714
1020.0000,100.0000,99.9981,99.8543,99.9941,99.8754
1020.5000,100.0000,99.9981,99.8619,99.9941,99.8781
1021.0000,100.0000,99.9981,99.8691,99.9941,99.8817
1021.5000,100.0000,99.9981,99.8773,99.9941,99.8841
1022.0000,100.0000,99.9981,99.8829,99.9943,99.8879
1022.5000,100.0000,99.9981,99.8882,99.9943,99.8902
1023.0000,100.0000,99.9981,99.8938,99.9943,99.8930
1023.5000,100.0000,99.9981,99.8976,99.9943,99.8949
1024.0000,100.0000,99.9981,99.9015,99.9943,99.8964
1024.5000,100.0000,99.9981,99.9046,99.9943,99.8983
1025.0000,100.0000,99.9981,99.9076,99.9943,99.8999
1025.5000,100.0000,99.9981,99.9105,99.9943,99.9025
1026.0000,100.0000,99.9981,99.9141,99.9943,99.9048
1026.5000,100.0000,99.9981,99.9161,99.9943,99.9064
1027.0000,100.0000,99.9981,99.9183,99.9943,99.9076
1027.5000,100.0000,99.9981,99.9210,99.9943,99.9098
1028.0000,100.0000,99.9981,99.9223,99.9943,99.9107
1028.5000,100.0000,99.9981,99.9239,99.9943,99.9113
1029.0000,100.0000,99.9981,99.9268,99.9943,99.9126
1029.5000,100.0000,99.9981,99.9282,99.9943,99.9135
1030.0000,100.0000,99.9981,99.9295,99.9943,99.9146
1030.5000,100.0000,99.9981,99.9323,99.9943,99.9155
1031.0000,100.0000,99.9981,99.9352,99.9943,99.9173
1031.5000,100.0000,99.9981,99.9374,99.9943,99.9185
1032.0000,100.0000,99.9981,99.9391,99.9943,99.9196
1032.5000,100.0000,99.9981,99.9397,99.9943,99.9208
1033.0000,100.0000,99.9981,99.9422,99.9943,99.9219
1033.5000,100.0000,99.9981,99.9435,99.9943,99.9227
1034.0000,100.0000,99.9981,99.9450,99.9943,99.9238
1034.5000,100.0000,99.9981,99.9458,99.9943,99.9241
1035.0000,100.0000,99.9981,99.9469,99.9944,99.9247
1035.5000,100.0000,99.9981,99.9481,99.9944,99.9250
1036.0000,100.0000,99.9981,99.9493,99.9944,99.9263
1036.5000,100.0000,99.9981,99.9498,99.9946,99.9274
1037.0000,100.0000,99.9981,99.9503,99.9946,99.9277
1037.5000,100.0000,99.9981,99.9517,99.9946,99.9286
1038.0000,100.0000,99.9981,99.9526,99.9946,99.9288
1038.5000,100.0000,99.9981,99.9532,99.9946,99.9294
1039.0000,100.0000,99.9981,99.9538,99.9946,99.9302
1039.5000,100.0000,99.9981,99.9545,99.9947,99.9308
1040.0000,100.0000,99.9981,99.9555,99.9949,99.9316
1040.5000,100.0000,99.9981,99.9557,99.9949,99.9320
1041.0000,100.0000,99.9981,99.9566,99.9949,99.9325
1041.5000,100.0000,99.9981,99.9577,99.9949,99.9333
1042.0000,100.0000,99.9981,99.9585,99.9949,99.9342
1042.5000,100.0000,99.9981,99.9591,99.9949,99.9350
1043.0000,100.0000,99.9981,99.9596,99.9949,99.9354
1043.5000,100.0000,99.9981,99.9600,99.9949,99.9358
1044.0000,100.0000,99.9981,99.9607,99.9949,99.9359
1044.5000,100.0000,99.9983,99.9614,99.9949,99.9365
1045.0000,100.0000,99.9983,99.9622,99.9949,99.9368
1045.5000,100.0000,99.9983,99.9622,99.9950,99.9379
1046.0000,100.0000,99.9983,99.9625,99.9950,99.9382
1046.5000,100.0000,99.9983,99.9633,99.9950,99.9384
1047.0000,100.0000,99.9983,99.9636,99.9950,99.9389
1047.5000,100.0000,99.9983,99.9642,99.9950,99.9393
1048.0000,100.0000,99.9983,99.9649,99.9950,99.9398
1048.5000,100.0000,99.9983,99.9650,99.9950,99.9401
1049.0000,100.0000,99.9983,99.9652,99.9950,99.9403
1049.5000,100.0000,99.9983,99.9652,99.9950,99.9406
1050.0000,100.0000,99.9984,99.9655,99.9950,99.9415
1050.5000,100.0000,99.9984,99.9655,99.9950,99.9420
1051.0000,100.0000,99.9984,99.9658,99.9950,99.9424
1051.5000,100.0000,99.9984,99.9664,99.9950,99.9434
1052.0000,100.0000,99.9984,99.9664,99.9950,99.9438
1052.5000,100.0000,99.9984,99.9674,99.9950,99.9451
1053.0000,100.0000,99.9984,99.9675,99.9950,99.9455
1053.5000,100.0000,99.9984,99.9678,99.9950,99.9455
1054.0000,100.0000,99.9984,99.9678,99.9950,99.9457
1054.5000,100.0000,99.9984,99.9684,99.9950,99.9460
1055.0000,100.0000,99.9984,99.9684,99.9950,99.9463
1055.5000,100.0000,99.9984,99.9694,99.9950,99.9472
1056.0000,100.0000,99.9984,99.9695,99.9950,99.9476
1056.5000,100.0000,99.9984,99.9697,99.9950,99.9482
1057.0000,100.0000,99.9984,99.9700,99.9950,99.9487
1057.5000,100.0000,99.9984,99.9702,99.9950,99.9494
1058.0000,100.0000,99.9984,99.9703,99.9950,99.9497
1058.5000,100.0000,99.9984,99.9703,99.9952,99.9507
1059.0000,100.0000,99.9984,99.9705,99.9952,99.9510
1059.5000,100.0000,99.9984,99.9708,99.9952,99.9519
1060.0000,100.0000,99.9984,99.9709,99.9952,99.9522
1060.5000,100.0000,99.9984,99.9714,99.9952,99.9528
1061.0000,100.0000,99.9984,99.9717,99.9952,99.9535
1061.5000,100.0000,99.9984,99.9720,99.9952,99.9541
1062.0000,100.0000,99.9984,99.9720,99.9952,99.9547
1062.5000,100.0000,99.9984,99.9722,99.9952,99.9555
1063.0000,100.0000,99.9984,99.9723,99.9952,99.9556
1063.5000,100.0000,99.9984,99.9728,99.9952,99.9559
1064.0000,100.0000,99.9984,99.9729,99.9952,99.9572
1064.5000,100.0000,99.9984,99.9734,99.9952,99.9576
1065.0000,100.0000,99.9984,99.9740,99.9952,99.9581
1065.5000,100.0000,99.9984,99.9743,99.9952,99.9585
1066.0000,100.0000,99.9984,99.9751,99.9952,99.9592
1066.5000,100.0000,99.9984,99.9754,99.9952,99.9595
1067.0000,100.0000,99.9984,99.9756,99.9952,99.9602
1067.5000,100.0000,99.9984,99.9765,99.9952,99.9607
1068.0000,100.0000,99.9984,99.9765,99.9952,99.9610
1068.5000,100.0000,99.9984,99.9770,99.9952,99.9616
1069.0000,100.0000,99.9984,99.9773,99.9952,99.9618
1069.5000,100.0000,99.9984,99.9775,99.9952,99.9621
1070.0000,100.0000,99.9984,99.9778,99.9952,99.9624
1070.5000,100.0000,99.9984,99.9779,99.9952,99.9626
1071.0000,100.0000,99.9984,99.9784,99.9954,99.9632
1071.5000,100.0000,99.9984,99.9785,99.9954,99.9637
1072.0000,100.0000,99.9984,99.9787,99.9955,99.9641
1072.5000,100.0000,99.9984,99.9787,99.9955,99.9649
1073.0000,100.0000,99.9984,99.9798,99.9955,99.9649
1073.5000,100.0000,99.9984,99.9798,99.9955,99.9655
1074.0000,100.0000,99.9984,99.9799,99.9955,99.9655
1074.5000,100.0000,99.9984,99.9804,99.9955,99.9663
1075.0000,100.0000,99.9984,99.9807,99.9955,99.9665
1075.5000,100.0000,99.9986,99.9812,99.9955,99.9666
1076.0000,100.0000,99.9986,99.9817,99.9955,99.9669
1076.5000,100.0000,99.9986,99.9817,99.9955,99.9672
1077.0000,100.0000,99.9986,99.9820,99.9955,99.9679
1077.5000,100.0000,99.9986,99.9820,99.9955,99.9682
1078.0000,100.0000,99.9986,99.9821,99.9955,99.9686
1078.5000,100.0000,99.9986,99.9828,99.9955,99.9686
1079.0000,100.0000,99.9986,99.9828,99.9955,99.9689
1079.5000,100.0000,99.9986,99.9829,99.9955,99.9694
1080.0000,100.0000,99.9986,99.9829,99.9955,99.9703
1080.5000,100.0000,99.9986,99.9834,99.9955,99.9708
1081.0000,100.0000,99.9986,99.9834,99.9955,99.9708
1081.5000,100.0000,99.9986,99.9835,99.9955,99.9711
1082.0000,100.0000,99.9986,99.9841,99.9955,99.9716
1082.5000,100.0000,99.9986,99.9843,99.9955,99.9720
1083.0000,100.0000,99.9986,99.9843,99.9955,99.9722
1083.5000,100.0000,99.9986,99.9844,99.9955,99.9723
1084.0000,100.0000,99.9986,99.9851,99.9955,99.9728
1084.5000,100.0000,99.9986,99.9857,99.9955,99.9728
1085.0000,100.0000,99.9986,99.9857,99.9957,99.9728
1085.5000,100.0000,99.9986,99.9860,99.9957,99.9730
1086.0000,100.0000,99.9986,99.9863,99.9957,99.9733
1086.5000,100.0000,99.9986,99.9866,99.9957,99.9737
1087.0000,100.0000,99.9986,99.9866,99.9957,99.9739
1087.5000,100.0000,99.9986,99.9871,99.9957,99.9741
1088.0000,100.0000,99.9986,99.9871,99.9957,99.9745
1088.5000,100.0000,99.9986,99.9871,99.9957,99.9747
1089.0000,100.0000,99.9986,99.9875,99.9957,99.9751
1089.5000,100.0000,99.9986,99.9877,99.9957,99.9756
1090.0000,100.0000,99.9986,99.9882,99.9957,99.9759
1090.5000,100.0000,99.9986,99.9883,99.9957,99.9761
1091.0000,100.0000,99.9986,99.9886,99.9957,99.9764
1091.5000,100.0000,99.9986,99.9891,99.9957,99.9764
1092.0000,100.0000,99.9986,99.9897,99.9957,99.9767
1092.5000,100.0000,99.9986,99.9899,99.9957,99.9768
1093.0000,100.0000,99.9986,99.9899,99.9957,99.9768
1093.5000,100.0000,99.9986,99.9902,99.9957,99.9775
1094.0000,100.0000,99.9986,99.9903,99.9957,99.9778
1094.5000,100.0000,99.9986,99.9903,99.9957,99.9781
1095.0000,100.0000,99.9986,99.9905,99.9957,99.9781
1095.5000,100.0000,99.9986,99.9905,99.9957,99.9784
1096.0000,100.0000,99.9986,99.9908,99.9957,99.9787
1096.5000,100.0000,99.9986,99.9908,99.9957,99.9793
1097.0000,100.0000,99.9986,99.9913,99.9957,99.9793
1097.5000,100.0000,99.9986,99.9913,99.9957,99.9798
1098.0000,100.0000,99.9986,99.9914,99.9957,99.9806
1098.5000,100.0000,99.9986,99.9914,99.9957,99.9810
1099.0000,100.0000,99.9986,99.9914,99.9957,99.9815
1099.5000,100.0000,99.9986,99.9916,99.9957,99.9818
1100.0000,100.0000,99.9986,99.9917,99.9957,99.9821
1100.5000,100.0000,99.9986,99.9919,99.9957,99.9824
1101.0000,100.0000,99.9986,99.9922,99.9957,99.9831
1101.5000,100.0000,99.9986,99.9924,99.9957,99.9831
1102.0000,100.0000,99.9986,99.9925,99.9957,99.9835
1102.5000,100.0000,99.9986,99.9927,99.9957,99.9835
1103.0000,100.0000,99.9986,99.9928,99.9957,99.9845
1103.5000,100.0000,99.9986,99.9928,99.9957,99.9848
1104.0000,100.0000,99.9986,99.9930,99.9957,99.9849
1104.5000,100.0000,99.9986,99.9930,99.9957,99.9855
1105.0000,100.0000,99.9986,99.9930,99.9957,99.9858
1105.5000,100.0000,99.9986,99.9930,99.9957,99.9858
1106.0000,100.0000,99.9986,99.9931,99.9957,99.9858
1106.5000,100.0000,99.9986,99.9933,99.9957,99.9858
1107.0000,100.0000,99.9986,99.9936,99.9957,99.9860
1107.5000,100.0000,99.9986,99.9936,99.9957,99.9862
1108.0000,100.0000,99.9986,99.9936,99.9957,99.9863
1108.5000,100.0000,99.9986,99.9938,99.9957,99.9869
1109.0000,100.0000,99.9987,99.9938,99.9957,99.9871
1109.5000,100.0000,99.9987,99.9939,99.9957,99.9876
1110.0000,100.0000,99.9987,99.9941,99.9957,99.9883
1110.5000,100.0000,99.9987,99.9942,99.9957,99.9887
1111.0000,100.0000,99.9987,99.9942,99.9957,99.9887
1111.5000,100.0000,99.9987,99.9942,99.9957,99.9896
1112.0000,100.0000,99.9987,99.9944,99.9957,99.9898
1112.5000,100.0000,99.9987,99.9944,99.9957,99.9899
1113.0000,100.0000,99.9987,99.9945,99.9957,99.9901
1113.5000,100.0000,99.9987,99.9945,99.9957,99.9904
1114.0000,100.0000,99.9987,99.9947,99.9957,99.9905
1114.5000,100.0000,99.9987,99.9949,99.9957,99.9908
1115.0000,100.0000,99.9987,99.9950,99.9957,99.9910
1115.5000,100.0000,99.9987,99.9950,99.9957,99.9911
1116.0000,100.0000,99.9987,99.9950,99.9957,99.9918
1116.5000,100.0000,99.9987,99.9950,99.9957,99.9918
1117.0000,100.0000,99.9987,99.9952,99.9957,99.9919
1117.5000,100.0000,99.9987,99.9952,99.9957,99.9922
1118.0000,100.0000,99.9987,99.9952,99.9957,99.9925
1118.5000,100.0000,99.9987,99.9952,99.9957,99.9925
1119.0000,100.0000,99.9987,99.9953,99.9957,99.9927
1119.5000,100.0000,99.9987,99.9956,99.9957,99.9930
1120.0000,100.0000,99.9987,99.9956,99.9957,99.9932
1120.5000,100.0000,99.9987,99.9961,99.9957,99.9933
1121.0000,100.0000,99.9987,99.9966,99.9957,99.9935
1121.5000,100.0000,99.9987,99.9966,99.9957,99.9938
1122.0000,100.0000,99.9987,99.9966,99.9957,99.9938
1122.5000,100.0000,99.9987,99.9966,99.9957,99.9944
1123.0000,100.0000,99.9987,99.9969,99.9957,99.9944
1123.5000,100.0000,99.9987,99.9970,99.9957,99.9946
1124.0000,100.0000,99.9987,99.9970,99.9957,99.9946
1124.5000,100.0000,99.9987,99.9972,99.9957,99.9949
1125.0000,100.0000,99.9987,99.9972,99.9957,99.9952
1125.5000,100.0000,99.9987,99.9972,99.9957,99.9953
1126.0000,100.0000,99.9987,99.9972,99.9957,99.9953
1126.5000,100.0000,99.9987,99.9972,99.9957,99.9955
1127.0000,100.0000,99.9987,99.9975,99.9957,99.9958
1127.5000,100.0000,99.9987,99.9975,99.9957,99.9958
1128.0000,100.0000,99.9987,99.9975,99.9957,99.9960
1128.5000,100.0000,99.9987,99.9977,99.9957,99.9961
1129.0000,100.0000,99.9987,99.9977,99.9957,99.9963
1129.5000,100.0000,99.9987,99.9977,99.9957,99.9963
1130.0000,100.0000,99.9987,99.9978,99.9957,99.9963
1130.5000,100.0000,99.9987,99.9980,99.9957,99.9963
1131.0000,100.0000,99.9987,99.9980,99.9957,99.9966
1131.5000,100.0000,99.9987,99.9980,99.9957,99.9966
1132.0000,100.0000,99.9987,99.9980,99.9957,99.9967
1132.5000,100.0000,99.9987,99.9980,99.9957,99.9967
1133.0000,100.0000,99.9987,99.9980,99.9957,99.9970
1133.5000,100.0000,99.9987,99.9983,99.9957,99.9970
1134.0000,100.0000,99.9987,99.9984,99.9957,99.9970
1134.5000,100.0000,99.9987,99.9984,99.9957,99.9970
1135.0000,100.0000,99.9987,99.9987,99.9957,99.9970
1135.5000,100.0000,99.9987,99.9987,99.9957,99.9974
1136.0000,100.0000,99.9987,99.9987,99.9957,99.9974
1136.5000,100.0000,99.9987,99.9989,99.9957,99.9974
1137.0000,100.0000,99.9987,99.9991,99.9957,99.9974
1137.5000,100.0000,99.9987,99.9991,99.9957,99.9974
1138.0000,100.0000,99.9987,99.9991,99.9957,99.9974
1138.5000,100.0000,99.9987,99.9992,99.9958,99.9974
1139.0000,100.0000,99.9987,99.9992,99.9958,99.9974
1139.5000,100.0000,99.9987,99.9992,99.9958,99.9974
1140.0000,100.0000,99.9987,99.9992,99.9958,99.9975
1140.5000,100.0000,99.9987,99.9992,99.9958,99.9975
1141.0000,100.0000,99.9987,99.9992,99.9958,99.9975
1141.5000,100.0000,99.9987,99.9992,99.9958,99.9975
1142.0000,100.0000,99.9987,99.9992,99.9958,99.9977
1142.5000,100.0000,99.9987,99.9992,99.9958,99.9977
1143.0000,100.0000,99.9987,99.9992,99.9958,99.9977
1143.5000,100.0000,99.9987,99.9992,99.9958,99.9978
1144.0000,100.0000,99.9987,99.9992,99.9958,99.9978
1144.5000,100.0000,99.9987,99.9992,99.9958,99.9978
1145.0000,100.0000,99.9987,99.9992,99.9958,99.9978
1145.5000,100.0000,99.9987,99.9992,99.9958,99.9978
1146.0000,100.0000,99.9987,99.9992,99.9958,99.9978
1146.5000,100.0000,99.9987,99.9994,99.9958,99.9978
1147.0000,100.0000,99.9987,99.9994,99.9958,99.9978
1147.5000,100.0000,99.9987,99.9994,99.9958,99.9978
1148.0000,100.0000,99.9987,99.9994,99.9958,99.9978
1148.5000,100.0000,99.9987,99.9994,99.9958,99.9978
1149.0000,100.0000,99.9987,99.9994,99.9958,99.9978
1149.5000,100.0000,99.9987,99.9994,99.9958,99.9978
1150.0000,100.0000,99.9989,99.9994,99.9958,99.9978
1150.5000,100.0000,99.9989,99.9994,99.9958,99.9978
1151.0000,100.0000,99.9989,99.9994,99.9958,99.9980
1151.5000,100.0000,99.9989,99.9994,99.9958,99.9980
1152.0000,100.0000,99.9989,99.9994,99.9958,99.9980
1152.5000,100.0000,99.9989,99.9994,99.9958,99.9980
1153.0000,100.0000,99.9989,99.9994,99.9958,99.9981
1153.5000,100.0000,99.9989,99.9994,99.9958,99.9981
1154.0000,100.0000,99.9989,99.9994,99.9958,99.9983
1154.5000,100.0000,99.9989,99.9994,99.9958,99.9983
1155.0000,100.0000,99.9989,99.9994,99.9958,99.9983
1155.5000,100.0000,99.9989,99.9994,99.9958,99.9983
1156.0000,100.0000,99.9989,99.9994,99.9958,99.9983
1156.5000,100.0000,99.9989,99.9994,99.9958,99.9983
1157.0000,100.0000,99.9989,99.9994,99.9958,99.9983
1157.5000,100.0000,99.9989,99.9994,99.9958,99.9985
1158.0000,100.0000,99.9989,99.9994,99.9958,99.9985
1158.5000,100.0000,99.9989,99.9994,99.9958,99.9985
1159.0000,100.0000,99.9989,99.9994,99.9958,99.9985
1159.5000,100.0000,99.9989,99.9994,99.9958,99.9986
1160.0000,100.0000,99.9989,99.9994,99.9958,99.9986
1160.5000,100.0000,99.9989,99.9994,99.9958,99.9986
1161.0000,100.0000,99.9989,99.9994,99.9958,99.9986
1161.5000,100.0000,99.9989,99.9994,99.9958,99.9986
1162.0000,100.0000,99.9989,99.9994,99.9958,99.9986
1162.5000,100.0000,99.9989,99.9994,99.9958,99.9986
1163.0000,100.0000,99.9989,99.9994,99.9958,99.9986
1163.5000,100.0000,99.9989,99.9995,99.9958,99.9986
1164.0000,100.0000,99.9989,99.9997,99.9958,99.9986
1164.5000,100.0000,99.9989,99.9997,99.9958,99.9986
1165.0000,100.0000,99.9989,99.9997,99.9958,99.9988
1165.5000,100.0000,99.9989,99.9998,99.9958,99.9989
1166.0000,100.0000,99.9989,99.9998,99.9958,99.9991
1166.5000,100.0000,99.9989,99.9998,99.9958,99.9991
1167.0000,100.0000,99.9989,99.9998,99.9958,99.9991
1167.5000,100.0000,99.9989,99.9998,99.9958,99.9992
1168.0000,100.0000,99.9989,99.9998,99.9958,99.9995
1168.5000,100.0000,99.9989,99.9998,99.9958,99.9995
1169.0000,100.0000,99.9989,99.9998,99.9958,99.9995
1169.5000,100.0000,99.9989,99.9998,99.9958,99.9997
1170.0000,100.0000,99.9989,99.9998,99.9958,99.9998
1170.5000,100.0000,99.9989,99.9998,99.9958,99.9998
1171.0000,100.0000,99.9989,99.9998,99.9958,99.9998
1171.5000,100.0000,99.9989,99.9998,99.9958,99.9998
1172.0000,100.0000,99.9989,99.9998,99.9958,99.9998
1172.5000,100.0000,99.9989,99.9998,99.9958,99.9998
1173.0000,100.0000,99.9989,99.9998,99.9958,99.9998
1173.5000,100.0000,99.9989,99.9998,99.9958,99.9998
1174.0000,100.0000,99.9989,99.9998,99.9958,99.9998
1174.5000,100.0000,99.9989,99.9998,99.9958,99.9998
1175.0000,100.0000,99.9989,99.9998,99.9958,100.0000
1175.5000,100.0000,99.9989,99.9998,99.9958,100.0000
1176.0000,100.0000,99.9989,99.9998,99.9958,100.0000
1176.5000,100.0000,99.9989,99.9998,99.9958,100.0000
1177.0000,100.0000,99.9989,99.9998,99.9958,100.0000
1177.5000,100.0000,99.9989,99.9998,99.9958,100.0000
1178.0000,100.0000,99.9989,99.9998,99.9958,100.0000
1178.5000,100.0000,99.9989,99.9998,99.9958,100.0000
1179.0000,100.0000,99.9989,99.9998,99.9958,100.0000
1179.5000,100.0000,99.9989,99.9998,99.9958,100.0000
1180.0000,100.0000,99.9989,99.9998,99.9958,100.0000
1180.5000,100.0000,99.9989,99.9998,99.9960,100.0000
1181.0000,100.0000,99.9989,99.9998,99.9960,100.0000
1181.5000,100.0000,99.9989,99.9998,99.9960,100.0000
1182.0000,100.0000,99.9989,99.9998,99.9960,100.0000
1182.5000,100.0000,99.9991,99.9998,99.9960,100.0000
1183.0000,100.0000,99.9991,99.9998,99.9960,100.0000
1183.5000,100.0000,99.9991,100.0000,99.9960,100.0000
1184.0000,100.0000,99.9991,100.0000,99.9960,100.0000
1184.5000,100.0000,99.9991,100.0000,99.9960,100.0000
1185.0000,100.0000,99.9991,100.0000,99.9960,100.0000
1185.5000,100.0000,99.9991,100.0000,99.9960,100.0000
1186.0000,100.0000,99.9991,100.0000,99.9960,100.0000
1186.5000,100.0000,99.9991,100.0000,99.9960,100.0000
1187.0000,100.0000,99.9991,100.0000,99.9960,100.0000
1187.5000,100.0000,99.9991,100.0000,99.9960,100.0000
1188.0000,100.0000,99.9991,100.0000,99.9960,100.0000
1188.5000,100.0000,99.9991,100.0000,99.9960,100.0000
1189.0000,100.0000,99.9991,100.0000,99.9960,100.0000
1189.5000,100.0000,99.9991,100.0000,99.9960,100.0000
1190.0000,100.0000,99.9991,100.0000,99.9960,100.0000
1190.5000,100.0000,99.9991,100.0000,99.9960,100.0000
1191.0000,100.0000,99.9991,100.0000,99.9960,100.0000
1191.5000,100.0000,99.9991,100.0000,99.9960,100.0000
1192.0000,100.0000,99.9991,100.0000,99.9960,100.0000
1192.5000,100.0000,99.9991,100.0000,99.9960,100.0000
1193.0000,100.0000,99.9991,100.0000,99.9960,100.0000
1193.5000,100.0000,99.9991,100.0000,99.9960,100.0000
1194.0000,100.0000,99.9991,100.0000,99.9960,100.0000
1194.5000,100.0000,99.9991,100.0000,99.9960,100.0000
1195.0000,100.0000,99.9991,100.0000,99.9960,100.0000
1195.5000,100.0000,99.9991,100.0000,99.9960,100.0000
1196.0000,100.0000,99.9991,100.0000,99.9960,100.0000
1196.5000,100.0000,99.9991,100.0000,99.9960,100.0000
1197.0000,100.0000,99.9991,100.0000,99.9960,100.0000
1197.5000,100.0000,99.9991,100.0000,99.9960,100.0000
1198.0000,100.0000,99.9991,100.0000,99.9960,100.0000
1198.5000,100.0000,99.9991,100.0000,99.9960,100.0000
1199.0000,100.0000,99.9991,100.0000,99.9960,100.0000
1199.5000,100.0000,99.9991,100.0000,99.9960,100.0000
1200.0000,100.0000,99.9991,100.0000,99.9960,100.0000
