time_s,aperiodic,periodic_Ng1,periodic_Ng1_wo_depletion,periodic_Ng4,periodic_Ng4_wo_depletion
0.0000,0.0000,0.0000,0.0000,0.0000,0.0000
0.5000,0.2655,0.0000,0.0000,0.0000,0.0000
1.0000,0.2686,0.2680,0.2680,0.2680,0.2680
1.5000,0.9858,0.2686,0.2686,0.2686,0.2686
2.0000,1.2886,0.2686,0.2686,0.2686,0.2686
2.5000,1.6164,1.1615,1.1615,0.8013,0.8013
3.0000,2.2918,1.1615,1.1615,0.8013,0.8013
3.5000,2.3734,2.1113,2.1394,1.4633,1.4633
4.0000,3.3233,2.1113,2.1394,1.4633,1.4633
4.5000,3.3703,3.0431,3.1105,2.2771,2.2771
5.0000,4.2134,3.0431,3.1105,2.2771,2.2771
5.5000,4.3829,3.9694,4.0835,3.2391,3.2391
6.0000,4.9536,3.9694,4.0835,3.2391,3.2391
6.5000,5.4089,4.6551,4.8287,3.9843,3.9843
7.0000,5.7209,4.8551,5.0518,4.2124,4.2124
7.5000,6.4211,4.9667,5.1759,4.3366,4.3366
8.0000,6.5787,5.7157,6.0159,5.1744,5.1744
8.5000,7.3547,5.7157,6.0159,5.1744,5.1744
9.0000,7.5120,6.5620,6.9832,6.1319,6.1319
9.5000,8.1949,6.5620,6.9832,6.1319,6.1319
10.0000,8.5101,7.3999,7.9353,7.0784,7.1064
10.5000,8.9737,7.3999,7.9353,7.0784,7.1064
11.0000,9.5056,8.1984,8.8832,8.0093,8.0754
11.5000,9.8143,8.1984,8.8832,8.0093,8.0754
12.0000,10.4955,8.9753,9.8394,8.9182,9.0384
12.5000,10.7261,8.9753,9.8394,8.9182,9.0384
13.0000,11.3656,9.3626,10.3362,9.3762,9.5352
13.5000,11.6826,9.7256,10.7950,9.8082,10.0057
14.0000,12.1990,9.7256,10.7950,9.8082,10.0057
14.5000,12.6425,10.4378,11.7520,10.7277,10.9742
15.0000,13.0801,10.4378,11.7520,10.7277,10.9742
15.5000,13.6054,11.1147,12.7067,11.6125,11.9397
16.0000,13.9523,11.1147,12.7067,11.6125,11.9397
16.5000,14.5504,11.7689,13.6595,12.4697,12.9019
17.0000,14.8797,11.7689,13.6595,12.4697,12.9019
17.5000,15.4277,12.3716,14.6155,13.2893,13.8535
18.0000,15.7901,12.3716,14.6155,13.2893,13.8535
18.5000,16.2366,12.9002,15.4817,14.0655,14.7203
19.0000,16.7473,12.9517,15.5738,14.1538,14.8210
19.5000,17.1824,13.0907,15.8222,14.3713,15.0694
20.0000,17.6824,13.5074,16.5307,14.9871,15.7812
20.5000,18.0649,13.5074,16.5307,14.9871,15.7812
21.0000,18.6330,14.0491,17.4917,15.7853,16.7380
21.5000,18.9403,14.0491,17.4917,15.7853,16.7380
22.0000,19.5062,14.5784,18.4359,16.5527,17.6955
22.5000,19.8748,14.5784,18.4359,16.5527,17.6955
23.0000,20.3817,15.0876,19.3782,17.3910,18.6602
23.5000,20.8105,15.0876,19.3782,17.3910,18.6602
24.0000,21.2828,15.5948,20.3218,18.1921,19.6233
24.5000,21.7644,15.5948,20.3218,18.1921,19.6233
25.0000,22.1688,15.9230,20.9428,18.6896,20.2443
25.5000,22.6752,16.0986,21.2644,18.9462,20.5716
26.0000,23.0666,16.1627,21.3886,19.0387,20.6958
26.5000,23.5772,16.6033,22.2200,19.6607,21.5184
27.0000,23.9888,16.6033,22.2200,19.6607,21.5184
27.5000,24.4361,17.1127,23.1666,20.4763,22.4895
28.0000,24.9352,17.1127,23.1666,20.4763,22.4895
28.5000,25.3365,17.6169,24.1182,21.2167,23.4380
29.0000,25.8521,17.6169,24.1182,21.2167,23.4380
29.5000,26.2567,18.1380,25.0693,21.9189,24.3871
30.0000,26.7990,18.1380,25.0693,21.9189,24.3871
30.5000,27.1674,18.6696,26.0296,22.5787,25.3312
31.0000,27.6402,18.6696,26.0296,22.5787,25.3312
31.5000,28.0993,18.8777,26.4022,22.8751,25.7038
32.0000,28.5311,19.2002,26.9861,23.3420,26.2944
32.5000,28.9790,19.2002,26.9861,23.3420,26.2944
33.0000,29.4607,19.7541,27.9414,24.0450,27.2419
33.5000,29.9362,19.7541,27.9414,24.0450,27.2419
34.0000,30.3863,20.3038,28.8819,24.7116,28.1813
34.5000,30.7968,20.3038,28.8819,24.7116,28.1813
35.0000,31.2435,20.8783,29.8368,25.3248,29.1261
35.5000,31.7116,20.8783,29.8368,25.3248,29.1261
36.0000,32.1595,21.4496,30.7837,26.0474,30.0700
36.5000,32.6109,21.4496,30.7837,26.0474,30.0700
37.0000,33.0864,21.9087,31.5289,26.5662,30.8146
37.5000,33.5383,22.0391,31.7353,26.6968,31.0143
38.0000,34.0075,22.1946,31.9837,26.8618,31.2627
38.5000,34.4487,22.6351,32.6902,27.3180,31.9626
39.0000,34.8803,22.6351,32.6902,27.3180,31.9626
39.5000,35.3734,23.2410,33.6508,27.8941,32.9053
40.0000,35.7983,23.2410,33.6508,27.8941,32.9053
40.5000,36.2960,23.8593,34.6032,28.5739,33.8549
41.0000,36.6808,23.8593,34.6032,28.5739,33.8549
41.5000,37.2274,24.4768,35.5472,29.1871,34.7896
42.0000,37.5919,24.4768,35.5472,29.1871,34.7896
42.5000,38.0847,25.0989,36.5024,29.7701,35.7432
43.0000,38.5338,25.0989,36.5024,29.7701,35.7432
43.5000,38.9724,25.4341,36.9992,30.0586,36.2400
44.0000,39.4322,25.7497,37.4546,30.3120,36.6736
44.5000,39.8858,25.7497,37.4546,30.3120,36.6736
45.0000,40.3435,26.3919,38.4082,30.9566,37.6235
45.5000,40.7992,26.3919,38.4082,30.9566,37.6235
46.0000,41.2752,27.0571,39.3547,31.5228,38.5772
46.5000,41.6956,27.0571,39.3547,31.5228,38.5772
47.0000,42.1704,27.7114,40.3022,32.0601,39.5123
47.5000,42.6160,27.7114,40.3022,32.0601,39.5123
48.0000,43.0672,28.3631,41.2453,32.5667,40.4539
48.5000,43.4848,28.3631,41.2453,32.5667,40.4539
49.0000,43.9627,28.9737,42.1092,33.1222,41.3206
49.5000,44.4025,29.0336,42.1985,33.1786,41.4122
50.0000,44.8819,29.3127,42.5711,33.3952,41.7848
50.5000,45.2901,29.7302,43.1428,33.7206,42.3458
51.0000,45.7528,29.7302,43.1428,33.7206,42.3458
51.5000,46.1777,30.4160,44.0853,34.2262,43.2736
52.0000,46.6681,30.4160,44.0853,34.2262,43.2736
52.5000,47.0645,31.1136,45.0061,34.7213,44.2005
53.0000,47.5825,31.1136,45.0061,34.7213,44.2005
53.5000,47.9400,31.8094,45.9356,35.3240,45.1453
54.0000,48.4536,31.8094,45.9356,35.3240,45.1453
54.5000,48.8357,32.5186,46.8789,35.8361,46.0891
55.0000,49.3780,32.5186,46.8789,35.8361,46.0891
55.5000,49.7379,32.9942,47.4998,36.1642,46.7101
56.0000,50.2179,33.2293,47.8141,36.3241,47.0324
56.5000,50.6390,33.3254,47.9383,36.3876,47.1566
57.0000,51.1123,33.9421,48.7345,36.8130,47.9558
57.5000,51.5270,33.9421,48.7345,36.8130,47.9558
58.0000,51.9853,34.6590,49.6566,37.3791,48.9101
58.5000,52.4203,34.6590,49.6566,37.3791,48.9101
59.0000,52.8417,35.3933,50.5767,37.8913,49.8431
59.5000,53.2934,35.3933,50.5767,37.8913,49.8431
60.0000,53.6944,36.1422,51.4986,38.3648,50.7855
60.5000,54.1993,36.1422,51.4986,38.3648,50.7855
61.0000,54.5897,36.9026,52.3817,38.8484,51.7026
61.5000,55.0084,36.9026,52.3817,38.8484,51.7026
62.0000,55.4702,37.3149,52.8781,39.1461,52.1994
62.5000,55.8759,37.5801,53.1935,39.4221,52.6563
63.0000,56.3081,37.5801,53.1935,39.4221,52.6563
63.5000,56.7657,38.1541,53.8369,39.9252,53.5999
64.0000,57.1441,38.1541,53.8369,39.9252,53.5999
64.5000,57.5984,38.6020,54.3073,40.3959,54.5270
65.0000,58.0140,38.6020,54.3073,40.3959,54.5270
65.5000,58.4532,38.9617,54.6262,40.8856,55.4367
66.0000,58.8266,38.9617,54.6262,40.8856,55.4367
66.5000,59.2810,39.3056,54.8980,41.4597,56.3851
67.0000,59.6934,39.3056,54.8980,41.4597,56.3851
67.5000,60.1275,39.6342,55.1422,41.8589,57.1294
68.0000,60.5269,39.6342,55.1422,41.9495,57.3215
68.5000,60.9400,39.8770,55.3691,42.0839,57.5699
69.0000,61.3507,39.9765,55.3889,42.4370,58.2483
69.5000,61.7489,39.9765,55.3889,42.4370,58.2483
70.0000,62.1847,40.3123,55.6245,42.9262,59.0500
70.5000,62.5814,40.3123,55.6245,42.9262,59.0500
71.0000,62.9911,40.6467,55.8567,43.5032,60.0015
71.5000,63.3684,40.6467,55.8567,43.5032,60.0015
72.0000,63.7632,40.9745,56.0808,44.0127,60.9446
72.5000,64.1837,40.9745,56.0808,44.0127,60.9446
73.0000,64.5967,41.3196,56.3188,44.5219,61.8656
73.5000,64.9811,41.3196,56.3188,44.5219,61.8656
74.0000,65.3675,41.6557,56.5574,44.8331,62.3043
74.5000,65.7681,41.6558,56.5574,44.8953,62.3844
75.0000,66.1460,41.6558,56.5574,44.8953,62.3844
75.5000,66.5351,42.0120,56.7956,45.4847,63.3175
76.0000,66.9091,42.0120,56.7956,45.4847,63.3175
76.5000,67.2891,42.3721,57.0542,46.0081,64.2548
77.0000,67.6679,42.3721,57.0542,46.0081,64.2548
77.5000,68.0445,42.7226,57.3058,46.5215,65.1205
78.0000,68.4141,42.7226,57.3058,46.5215,65.1205
78.5000,68.7800,43.0617,57.5490,46.7587,65.4101
79.0000,69.1511,43.0617,57.5490,46.7587,65.4101
79.5000,69.5081,43.3959,57.7885,47.3216,66.2733
80.0000,69.8762,43.3959,57.7885,47.3722,66.3619
80.5000,70.2158,43.7175,58.0239,47.5994,66.7345
81.0000,70.5582,43.7362,58.0253,47.9250,67.2875
81.5000,70.9212,43.7362,58.0253,47.9250,67.2875
82.0000,71.2764,44.0668,58.2653,48.3690,67.8979
82.5000,71.6146,44.0668,58.2653,48.3690,67.8979
83.0000,71.9654,44.3956,58.4984,48.5174,68.0536
83.5000,72.3023,44.3956,58.4984,48.5174,68.0536
84.0000,72.6236,44.7079,58.7289,49.1305,68.9921
84.5000,72.9719,44.7079,58.7289,49.1305,68.9921
85.0000,73.2965,45.0246,58.9685,49.6762,69.8661
85.5000,73.6146,45.0246,58.9685,49.6762,69.8661
86.0000,73.9277,45.3322,59.1919,49.9341,70.1910
86.5000,74.2390,45.3322,59.1919,49.9356,70.1939
87.0000,74.5574,45.4542,59.3158,50.0387,70.2968
87.5000,74.8539,45.6331,59.4178,50.0546,70.3094
88.0000,75.1649,45.6331,59.4178,50.0546,70.3094
88.5000,75.4621,45.9222,59.6304,50.6888,71.2615
89.0000,75.7729,45.9222,59.6304,50.6888,71.2615
89.5000,76.0570,46.1997,59.8489,51.1051,71.8265
90.0000,76.3484,46.1997,59.8489,51.1051,71.8265
90.5000,76.6330,46.4758,60.0680,51.2527,71.9739
91.0000,76.9111,46.4758,60.0680,51.2527,71.9739
91.5000,77.1861,46.7299,60.2685,51.3577,72.0717
92.0000,77.4508,46.7299,60.2685,51.3577,72.0717
92.5000,77.7117,46.9931,60.4743,51.7092,72.5685
93.0000,77.9753,46.9931,60.4743,52.0202,73.0110
93.5000,78.2496,46.9931,60.4743,52.0202,73.0110
94.0000,78.4867,47.2593,60.6782,52.2476,73.2644
94.5000,78.7381,47.2593,60.6782,52.2476,73.2644
95.0000,78.9796,47.5150,60.8775,52.3583,73.3633
95.5000,79.2204,47.5150,60.8775,52.3583,73.3633
96.0000,79.4582,47.7695,61.0733,52.4625,73.4568
96.5000,79.6814,47.7695,61.0733,52.4625,73.4568
97.0000,79.9115,48.0226,61.2647,53.1174,74.3944
97.5000,80.1254,48.0226,61.2647,53.1174,74.3944
98.0000,80.3393,48.2773,61.4652,53.2408,74.5127
98.5000,80.5504,48.2773,61.4652,53.2408,74.5127
99.0000,80.7566,48.5058,61.6640,53.3425,74.5994
99.5000,80.9500,48.5444,61.6698,53.3425,74.5994
100.0000,81.1606,48.5444,61.6698,53.3425,74.5994
100.5000,81.3504,48.8014,61.8762,53.4397,74.6820
101.0000,81.5348,48.8014,61.8762,53.4397,74.6820
101.5000,81.7223,49.0452,62.0807,54.0280,75.4779
102.0000,81.8951,49.0452,62.0807,54.0280,75.4779
102.5000,82.0696,49.2871,62.2761,54.1267,75.5606
103.0000,82.2382,49.2871,62.2761,54.1267,75.5606
103.5000,82.4045,49.5232,62.4569,54.2223,75.6384
104.0000,82.5617,49.5232,62.4569,54.2223,75.6384
104.5000,82.7220,49.7603,62.6539,54.3331,75.7213
105.0000,82.8704,49.7603,62.6539,54.3331,75.7213
105.5000,83.0159,49.7603,62.6539,54.3331,75.7213
106.0000,83.1612,49.9830,62.8430,54.6799,76.1831
106.5000,83.3099,49.9830,62.8430,54.6799,76.1831
107.0000,83.4586,50.2075,63.0242,54.7750,76.2554
107.5000,83.6028,50.2075,63.0242,54.7750,76.2554
108.0000,83.7366,50.4290,63.1987,54.8723,76.3297
108.5000,83.8720,50.4290,63.1987,54.8723,76.3297
109.0000,84.0095,50.6340,63.3684,54.9670,76.3992
109.5000,84.1470,50.6340,63.3684,54.9670,76.3992
110.0000,84.2751,50.8540,63.5399,55.1285,76.5844
110.5000,84.4036,50.8540,63.5399,55.1285,76.5844
111.0000,84.5323,51.0692,63.7126,55.2198,76.6566
111.5000,84.6612,51.0692,63.7126,55.2198,76.6566
112.0000,84.7828,51.0692,63.7126,55.2198,76.6566
112.5000,84.9011,51.2715,63.8858,55.3213,76.7257
113.0000,85.0158,51.2715,63.8858,55.3213,76.7257
113.5000,85.1331,51.4706,64.0397,55.4124,76.7856
114.0000,85.2453,51.4706,64.0397,55.4124,76.7856
114.5000,85.3500,51.6810,64.1967,55.5186,76.8743
115.0000,85.4639,51.6810,64.1967,55.5186,76.8743
115.5000,85.5801,51.8760,64.3490,55.6152,76.9391
116.0000,85.6857,51.8760,64.3490,55.6152,76.9391
116.5000,85.7870,52.0846,64.5027,55.7087,77.0005
117.0000,85.8938,52.0846,64.5027,55.7087,77.0005
117.5000,85.9947,52.2064,64.6189,55.7985,77.0629
118.0000,86.0985,52.2861,64.6559,55.8065,77.0636
118.5000,86.1992,52.2861,64.6559,55.8065,77.0636
119.0000,86.2939,52.4891,64.8072,55.9067,77.1380
119.5000,86.3932,52.4891,64.8072,55.9067,77.1380
120.0000,86.4902,52.6805,64.9551,56.0095,77.2044
120.5000,86.5821,52.6805,64.9551,56.0095,77.2044
121.0000,86.6790,52.8733,65.0998,56.1076,77.2611
121.5000,86.7742,52.8733,65.0998,56.1076,77.2611
122.0000,86.8609,53.0648,65.2471,56.1970,77.3121
122.5000,86.9579,53.0648,65.2471,56.1970,77.3121
123.0000,87.0503,53.2484,65.3992,56.3032,77.3843
123.5000,87.1406,53.2484,65.3992,56.3032,77.3843
124.0000,87.2277,53.2484,65.3992,56.3032,77.3843
124.5000,87.3191,53.4311,65.5465,56.4146,77.4475
125.0000,87.4079,53.4311,65.5465,56.4146,77.4475
125.5000,87.4939,53.6223,65.6966,56.5207,77.5116
126.0000,87.5768,53.6223,65.6966,56.5207,77.5116
126.5000,87.6599,53.8079,65.8453,56.6132,77.5626
127.0000,87.7376,53.8079,65.8453,56.6132,77.5626
127.5000,87.8268,53.9956,65.9876,56.7288,77.6350
128.0000,87.9127,53.9956,65.9876,56.7288,77.6350
128.5000,87.9911,54.1804,66.1389,56.8411,77.6953
129.0000,88.0732,54.1804,66.1389,56.8411,77.6953
129.5000,88.1502,54.3554,66.2773,56.9458,77.7435
130.0000,88.2268,54.3580,66.2773,56.9458,77.7435
130.5000,88.3075,54.3580,66.2773,56.9458,77.7435
131.0000,88.3824,54.5262,66.4229,57.0352,77.7890
131.5000,88.4534,54.5262,66.4229,57.0352,77.7890
132.0000,88.5274,54.7113,66.5700,57.1588,77.8638
132.5000,88.6075,54.7113,66.5700,57.1588,77.8638
133.0000,88.6808,54.8947,66.7139,57.2721,77.9216
133.5000,88.7569,54.8947,66.7139,57.2721,77.9216
134.0000,88.8232,55.0749,66.8542,57.3882,77.9725
134.5000,88.8959,55.0749,66.8542,57.3882,77.9725
135.0000,88.9633,55.2517,66.9958,57.4787,78.0170
135.5000,89.0398,55.2517,66.9958,57.4787,78.0170
136.0000,89.1041,55.3717,67.1041,57.5914,78.0885
136.5000,89.1706,55.4211,67.1228,57.6142,78.0888
137.0000,89.2443,55.4211,67.1228,57.6142,78.0888
137.5000,89.3168,55.5960,67.2610,57.7383,78.1450
138.0000,89.3853,55.5960,67.2610,57.7383,78.1450
138.5000,89.4536,55.7717,67.3888,57.8603,78.1925
139.0000,89.5234,55.7717,67.3888,57.8603,78.1925
139.5000,89.5909,55.9282,67.5154,57.9461,78.2328
140.0000,89.6615,55.9282,67.5154,57.9461,78.2328
140.5000,89.7283,56.0910,67.6462,58.0883,78.2956
141.0000,89.7957,56.0910,67.6462,58.0883,78.2956
141.5000,89.8629,56.2542,67.7654,58.2144,78.3423
142.0000,89.9343,56.2542,67.7654,58.2144,78.3423
142.5000,90.0056,56.2542,67.7654,58.2144,78.3423
143.0000,90.0776,56.4056,67.8886,58.3231,78.3877
143.5000,90.1480,56.4056,67.8886,58.3231,78.3877
144.0000,90.2136,56.5450,68.0021,58.4136,78.4268
144.5000,90.2844,56.5450,68.0021,58.4136,78.4268
145.0000,90.3512,56.6884,68.1151,58.5435,78.4831
145.5000,90.4201,56.6884,68.1151,58.5435,78.4831
146.0000,90.4837,56.8270,68.2237,58.6758,78.5333
146.5000,90.5476,56.8270,68.2237,58.6758,78.5333
147.0000,90.6157,56.9604,68.3311,58.7885,78.5780
147.5000,90.6814,56.9604,68.3311,58.7885,78.5780
148.0000,90.7424,57.0686,68.4306,58.8749,78.6169
148.5000,90.8096,57.0887,68.4361,58.8797,78.6169
149.0000,90.8749,57.0887,68.4361,58.8797,78.6169
149.5000,90.9343,57.2129,68.5444,59.0232,78.6721
150.0000,90.9952,57.2129,68.5444,59.0232,78.6721
150.5000,91.0573,57.3380,68.6484,59.1550,78.7134
151.0000,91.1219,57.3380,68.6484,59.1550,78.7134
151.5000,91.1867,57.4584,68.7484,59.2694,78.7586
152.0000,91.2404,57.4584,68.7484,59.2694,78.7586
152.5000,91.3007,57.5680,68.8460,59.3528,78.7962
153.0000,91.3594,57.5680,68.8460,59.3528,78.7962
153.5000,91.4178,57.6789,68.9408,59.5130,78.8515
154.0000,91.4760,57.6789,68.9408,59.5130,78.8515
154.5000,91.5311,57.6789,68.9408,59.5130,78.8515
155.0000,91.5882,57.7877,69.0341,59.6448,78.8978
155.5000,91.6492,57.7877,69.0341,59.6448,78.8978
156.0000,91.7060,57.8967,69.1293,59.7556,78.9405
156.5000,91.7647,57.8967,69.1293,59.7556,78.9405
157.0000,91.8240,58.0037,69.2167,59.8385,78.9773
157.5000,91.8811,58.0037,69.2167,59.8385,78.9773
158.0000,91.9338,58.1206,69.3038,60.0024,79.0406
158.5000,91.9865,58.1206,69.3038,60.0024,79.0406
159.0000,92.0419,58.2323,69.3909,60.1345,79.0920
159.5000,92.0924,58.2323,69.3909,60.1345,79.0920
160.0000,92.1541,58.3430,69.4745,60.2385,79.1361
160.5000,92.2115,58.3430,69.4745,60.2385,79.1361
161.0000,92.2692,58.3430,69.4745,60.2385,79.1361
161.5000,92.3216,58.4595,69.5615,60.3210,79.1766
162.0000,92.3707,58.4595,69.5615,60.3210,79.1766
162.5000,92.4212,58.5770,69.6372,60.4955,79.2351
163.0000,92.4753,58.5770,69.6372,60.4955,79.2351
163.5000,92.5340,58.6975,69.7217,60.6196,79.2823
164.0000,92.5813,58.6975,69.7217,60.6196,79.2823
164.5000,92.6322,58.8258,69.8056,60.7223,79.3282
165.0000,92.6837,58.8258,69.8056,60.7223,79.3282
165.5000,92.7340,58.9639,69.8996,60.7965,79.3639
166.0000,92.7837,58.9639,69.8996,60.7965,79.3639
166.5000,92.8385,59.0798,69.9905,60.9149,79.4223
167.0000,92.8856,59.1142,69.9957,60.9644,79.4228
167.5000,92.9304,59.1142,69.9957,60.9644,79.4228
168.0000,92.9768,59.2600,70.0915,61.0885,79.4714
168.5000,93.0268,59.2600,70.0915,61.0885,79.4714
169.0000,93.0760,59.4055,70.1932,61.1883,79.5136
169.5000,93.1265,59.4055,70.1932,61.1883,79.5136
170.0000,93.1772,59.5627,70.2980,61.2693,79.5502
170.5000,93.2240,59.5627,70.2980,61.2693,79.5502
171.0000,93.2692,59.7128,70.4002,61.4332,79.6043
171.5000,93.3156,59.7128,70.4002,61.4332,79.6043
172.0000,93.3637,59.8699,70.5112,61.5561,79.6491
172.5000,93.4070,59.8699,70.5112,61.5561,79.6491
173.0000,93.4557,59.8699,70.5112,61.5561,79.6491
173.5000,93.5021,60.0345,70.6210,61.6510,79.6865
174.0000,93.5518,60.0345,70.6210,61.6510,79.6865
174.5000,93.5981,60.2004,70.7371,61.7304,79.7221
175.0000,93.6420,60.2004,70.7371,61.7304,79.7221
175.5000,93.6879,60.3577,70.8468,61.9031,79.7837
176.0000,93.7333,60.3577,70.8468,61.9031,79.7837
176.5000,93.7762,60.5098,70.9596,62.0123,79.8252
177.0000,93.8225,60.5098,70.9596,62.0123,79.8252
177.5000,93.8649,60.6636,71.0744,62.1016,79.8611
178.0000,93.9097,60.6636,71.0744,62.1016,79.8611
178.5000,93.9504,60.8047,71.1899,62.1762,79.8912
179.0000,93.9907,60.8050,71.1899,62.1762,79.8912
179.5000,94.0347,60.8050,71.1899,62.1762,79.8912
180.0000,94.0808,60.9446,71.2973,62.3471,79.9582
180.5000,94.1263,60.9446,71.2973,62.3471,79.9582
181.0000,94.1688,61.0927,71.4074,62.4673,80.0052
181.5000,94.2086,61.0927,71.4074,62.4673,80.0052
182.0000,94.2519,61.2323,71.5127,62.5629,80.0423
182.5000,94.2939,61.2323,71.5127,62.5629,80.0423
183.0000,94.3360,61.3735,71.6141,62.6399,80.0738
183.5000,94.3781,61.3735,71.6141,62.6399,80.0738
184.0000,94.4193,61.5072,71.7178,62.8041,80.1479
184.5000,94.4621,61.5072,71.7178,62.8041,80.1479
185.0000,94.5067,61.5072,71.7178,62.8041,80.1479
185.5000,94.5524,61.6410,71.8257,62.9233,80.1957
186.0000,94.5896,61.6410,71.8257,62.9233,80.1957
186.5000,94.6292,61.7731,71.9213,63.0197,80.2339
187.0000,94.6666,61.7731,71.9213,63.0197,80.2339
187.5000,94.7070,61.9109,72.0244,63.0992,80.2685
188.0000,94.7488,61.9109,72.0244,63.0992,80.2685
188.5000,94.7863,62.0390,72.1224,63.2679,80.3487
189.0000,94.8219,62.0390,72.1224,63.2679,80.3487
189.5000,94.8634,62.1629,72.2145,63.3707,80.3910
190.0000,94.9055,62.1629,72.2145,63.3707,80.3910
190.5000,94.9461,62.2980,72.3115,63.4629,80.4310
191.0000,94.9834,62.2980,72.3115,63.4629,80.4310
191.5000,95.0210,62.2980,72.3115,63.4629,80.4310
192.0000,95.0575,62.4262,72.4025,63.5447,80.4606
192.5000,95.0933,62.4262,72.4025,63.5447,80.4606
193.0000,95.1352,62.5501,72.4956,63.7010,80.5329
193.5000,95.1733,62.5501,72.4956,63.7010,80.5329
194.0000,95.2036,62.6828,72.5954,63.8024,80.5743
194.5000,95.2410,62.6828,72.5954,63.8024,80.5743
195.0000,95.2750,62.8080,72.6968,63.8971,80.6077
195.5000,95.3092,62.8080,72.6968,63.8971,80.6077
196.0000,95.3476,62.9256,72.8009,63.9800,80.6417
196.5000,95.3805,62.9256,72.8009,63.9800,80.6417
197.0000,95.4138,63.0311,72.8924,64.0926,80.7081
197.5000,95.4476,63.0513,72.8998,64.1222,80.7089
198.0000,95.4847,63.0513,72.8998,64.1222,80.7089
198.5000,95.5215,63.1668,72.9983,64.2340,80.7513
199.0000,95.5599,63.1668,72.9983,64.2340,80.7513
199.5000,95.5946,63.2935,73.0976,64.3247,80.7896
200.0000,95.6348,63.2935,73.0976,64.3247,80.7896
200.5000,95.6701,63.4131,73.1936,64.4111,80.8221
201.0000,95.7023,63.4131,73.1936,64.4111,80.8221
201.5000,95.7354,63.5290,73.2847,64.5544,80.8970
202.0000,95.7658,63.5290,73.2847,64.5544,80.8970
202.5000,95.8021,63.6396,73.3822,64.6662,80.9466
203.0000,95.8411,63.6396,73.3822,64.6662,80.9466
203.5000,95.8757,63.6396,73.3822,64.6662,80.9466
204.0000,95.9108,63.7654,73.4726,64.7620,80.9855
204.5000,95.9459,63.7654,73.4726,64.7620,80.9855
205.0000,95.9783,63.8847,73.5662,64.8413,81.0188
205.5000,96.0092,63.8847,73.5662,64.8413,81.0188
206.0000,96.0435,63.9986,73.6593,64.9886,81.0924
206.5000,96.0751,63.9986,73.6593,64.9886,81.0924
207.0000,96.1109,64.1291,73.7515,65.1068,81.1472
207.5000,96.1403,64.1291,73.7515,65.1068,81.1472
208.0000,96.1739,64.2462,73.8397,65.2060,81.1898
208.5000,96.2065,64.2462,73.8397,65.2060,81.1898
209.0000,96.2409,64.3533,73.9279,65.2816,81.2189
209.5000,96.2718,64.3533,73.9279,65.2816,81.2189
210.0000,96.3038,64.3533,73.9279,65.2816,81.2189
210.5000,96.3339,64.4780,74.0202,65.4279,81.2902
211.0000,96.3656,64.4780,74.0202,65.4279,81.2902
211.5000,96.3916,64.5893,74.1109,65.5360,81.3358
212.0000,96.4185,64.5893,74.1109,65.5360,81.3358
212.5000,96.4480,64.7093,74.2063,65.6322,81.3831
213.0000,96.4767,64.7093,74.2063,65.6322,81.3831
213.5000,96.5073,64.8323,74.2997,65.7082,81.4184
214.0000,96.5381,64.8323,74.2997,65.7082,81.4184
214.5000,96.5720,64.9474,74.3891,65.8507,81.4912
215.0000,96.5995,64.9474,74.3891,65.8507,81.4912
215.5000,96.6290,64.9474,74.3891,65.8507,81.4912
216.0000,96.6572,65.0502,74.4715,65.9512,81.5368
216.5000,96.6889,65.0502,74.4715,65.9512,81.5368
217.0000,96.7202,65.1558,74.5677,66.0509,81.5786
217.5000,96.7491,65.1558,74.5677,66.0509,81.5786
218.0000,96.7764,65.2626,74.6555,66.1293,81.6103
218.5000,96.8070,65.2626,74.6555,66.1293,81.6103
219.0000,96.8342,65.3699,74.7409,66.2686,81.6795
219.5000,96.8638,65.3699,74.7409,66.2686,81.6795
220.0000,96.8897,65.4760,74.8286,66.3767,81.7300
220.5000,96.9195,65.4760,74.8286,66.3767,81.7300
221.0000,96.9512,65.5812,74.9068,66.4703,81.7660
221.5000,96.9781,65.5812,74.9068,66.4703,81.7660
222.0000,97.0044,65.5812,74.9068,66.4703,81.7660
222.5000,97.0308,65.6834,74.9851,66.5378,81.7982
223.0000,97.0564,65.6834,74.9851,66.5378,81.7982
223.5000,97.0850,65.7866,75.0741,66.6808,81.8762
224.0000,97.1132,65.7866,75.0741,66.6808,81.8762
224.5000,97.1394,65.8944,75.1587,66.7918,81.9276
225.0000,97.1655,65.8944,75.1587,66.7918,81.9276
225.5000,97.1911,65.9987,75.2372,66.8798,81.9668
226.0000,97.2220,65.9987,75.2372,66.8798,81.9668
226.5000,97.2485,66.0961,75.3166,66.9493,81.9954
227.0000,97.2725,66.0961,75.3166,66.9493,81.9954
227.5000,97.3009,66.1897,75.3953,67.0586,82.0698
228.0000,97.3242,66.1973,75.3977,67.0838,82.0711
228.5000,97.3481,66.1973,75.3977,67.0838,82.0711
229.0000,97.3731,66.3021,75.4724,67.1896,82.1190
229.5000,97.4031,66.3021,75.4724,67.1896,82.1190
230.0000,97.4288,66.4072,75.5440,67.2759,82.1553
230.5000,97.4507,66.4072,75.5440,67.2759,82.1553
231.0000,97.4749,66.5086,75.6196,67.3431,82.1800
231.5000,97.4985,66.5086,75.6196,67.3431,82.1800
232.0000,97.5244,66.6098,75.6985,67.4767,82.2643
232.5000,97.5511,66.6098,75.6985,67.4767,82.2643
233.0000,97.5743,66.7128,75.7768,67.5847,82.3144
233.5000,97.5989,66.7128,75.7768,67.5847,82.3144
234.0000,97.6272,66.7128,75.7768,67.5847,82.3144
234.5000,97.6497,66.8134,75.8537,67.6792,82.3574
235.0000,97.6708,66.8134,75.8537,67.6792,82.3574
235.5000,97.6922,66.9210,75.9276,67.7505,82.3839
236.0000,97.7130,66.9210,75.9276,67.7505,82.3839
236.5000,97.7369,67.0175,75.9939,67.8788,82.4616
237.0000,97.7614,67.0175,75.9939,67.8788,82.4616
237.5000,97.7847,67.1239,76.0709,67.9810,82.5107
238.0000,97.8094,67.1239,76.0709,67.9810,82.5107
238.5000,97.8326,67.2266,76.1445,68.0658,82.5486
239.0000,97.8559,67.2266,76.1445,68.0658,82.5486
239.5000,97.8771,67.3356,76.2152,68.1318,82.5783
240.0000,97.9000,67.3356,76.2152,68.1318,82.5783
240.5000,97.9230,67.3356,76.2152,68.1318,82.5783
241.0000,97.9458,67.4386,76.2942,68.2606,82.6473
241.5000,97.9680,67.4386,76.2942,68.2606,82.6473
242.0000,97.9894,67.5413,76.3731,68.3599,82.6980
242.5000,98.0129,67.5413,76.3731,68.3599,82.6980
243.0000,98.0337,67.6438,76.4474,68.4382,82.7375
243.5000,98.0546,67.6438,76.4474,68.4382,82.7375
244.0000,98.0758,67.7422,76.5192,68.5004,82.7645
244.5000,98.0981,67.7422,76.5192,68.5004,82.7645
245.0000,98.1205,67.8396,76.5920,68.6226,82.8437
245.5000,98.1384,67.8396,76.5920,68.6226,82.8437
246.0000,98.1608,67.8396,76.5920,68.6226,82.8437
246.5000,98.1794,67.9390,76.6649,68.7197,82.8920
247.0000,98.1991,67.9390,76.6649,68.7197,82.8920
247.5000,98.2202,68.0360,76.7319,68.8032,82.9244
248.0000,98.2407,68.0360,76.7319,68.8032,82.9244
248.5000,98.2629,68.1359,76.8050,68.8726,82.9510
249.0000,98.2810,68.1359,76.8050,68.8726,82.9510
249.5000,98.3012,68.2386,76.8738,68.9816,83.0172
250.0000,98.3180,68.2386,76.8738,68.9816,83.0172
250.5000,98.3360,68.3350,76.9443,69.0782,83.0638
251.0000,98.3552,68.3350,76.9443,69.0782,83.0638
251.5000,98.3734,68.4328,77.0143,69.1595,83.1020
252.0000,98.3908,68.4328,77.0143,69.1595,83.1020
252.5000,98.4116,68.4328,77.0143,69.1595,83.1020
253.0000,98.4313,68.5287,77.0829,69.2327,83.1302
253.5000,98.4509,68.5287,77.0829,69.2327,83.1302
254.0000,98.4693,68.6272,77.1546,69.3542,83.1981
254.5000,98.4869,68.6272,77.1546,69.3542,83.1981
255.0000,98.5054,68.7306,77.2285,69.4498,83.2445
255.5000,98.5223,68.7306,77.2285,69.4498,83.2445
256.0000,98.5391,68.8267,77.2972,69.5282,83.2778
256.5000,98.5584,68.8267,77.2972,69.5282,83.2778
257.0000,98.5779,68.9276,77.3643,69.5970,83.3035
257.5000,98.5925,68.9276,77.3643,69.5970,83.3035
258.0000,98.6105,69.0200,77.4309,69.6990,83.3645
258.5000,98.6230,69.0268,77.4329,69.7131,83.3654
259.0000,98.6388,69.0268,77.4329,69.7131,83.3654
259.5000,98.6555,69.1252,77.4996,69.8020,83.4112
260.0000,98.6704,69.1252,77.4996,69.8020,83.4112
260.5000,98.6867,69.2212,77.5698,69.8805,83.4441
261.0000,98.7039,69.2212,77.5698,69.8805,83.4441
261.5000,98.7210,69.3218,77.6379,69.9494,83.4734
262.0000,98.7401,69.3218,77.6379,69.9494,83.4734
262.5000,98.7528,69.4213,77.7059,70.0599,83.5401
263.0000,98.7692,69.4213,77.7059,70.0599,83.5401
263.5000,98.7848,69.5183,77.7715,70.1560,83.5887
264.0000,98.8016,69.5183,77.7715,70.1560,83.5887
264.5000,98.8134,69.5183,77.7715,70.1560,83.5887
265.0000,98.8288,69.6140,77.8391,70.2373,83.6222
265.5000,98.8448,69.6140,77.8391,70.2373,83.6222
266.0000,98.8604,69.7210,77.9084,70.3042,83.6490
266.5000,98.8741,69.7210,77.9084,70.3042,83.6490
267.0000,98.8918,69.8238,77.9784,70.4194,83.7198
267.5000,98.9061,69.8238,77.9784,70.4194,83.7198
268.0000,98.9204,69.9161,78.0440,70.5071,83.7587
268.5000,98.9333,69.9161,78.0440,70.5071,83.7587
269.0000,98.9498,70.0137,78.1178,70.5867,83.7951
269.5000,98.9655,70.0137,78.1178,70.5867,83.7951
270.0000,98.9807,70.1113,78.1865,70.6553,83.8248
270.5000,98.9953,70.1113,78.1865,70.6553,83.8248
271.0000,99.0128,70.1113,78.1865,70.6553,83.8248
271.5000,99.0243,70.2091,78.2582,70.7596,83.8887
272.0000,99.0381,70.2091,78.2582,70.7596,83.8887
272.5000,99.0501,70.3009,78.3386,70.8392,83.9367
273.0000,99.0633,70.3009,78.3386,70.8392,83.9367
273.5000,99.0755,70.3975,78.4123,70.9206,83.9713
274.0000,99.0895,70.3975,78.4123,70.9206,83.9713
274.5000,99.1023,70.4968,78.4830,70.9910,84.0000
275.0000,99.1170,70.4968,78.4830,70.9910,84.0000
275.5000,99.1304,70.5935,78.5546,71.0983,84.0753
276.0000,99.1442,70.5935,78.5546,71.0983,84.0753
276.5000,99.1552,70.6871,78.6331,71.1788,84.1227
277.0000,99.1662,70.6916,78.6353,71.1834,84.1230
277.5000,99.1796,70.6916,78.6353,71.1834,84.1230
278.0000,99.1912,70.7854,78.7081,71.2665,84.1622
278.5000,99.2018,70.7854,78.7081,71.2665,84.1622
279.0000,99.2156,70.8813,78.7851,71.3321,84.1913
279.5000,99.2285,70.8813,78.7851,71.3321,84.1913
280.0000,99.2400,70.9743,78.8615,71.4392,84.2575
280.5000,99.2518,70.9743,78.8615,71.4392,84.2575
281.0000,99.2623,71.0640,78.9336,71.5268,84.3032
281.5000,99.2747,71.0640,78.9336,71.5268,84.3032
282.0000,99.2873,71.1527,79.0058,71.6052,84.3406
282.5000,99.2991,71.1527,79.0058,71.6052,84.3406
283.0000,99.3101,71.1527,79.0058,71.6052,84.3406
283.5000,99.3193,71.2451,79.0828,71.6721,84.3687
284.0000,99.3292,71.2451,79.0828,71.6721,84.3687
284.5000,99.3395,71.3308,79.1561,71.7819,84.4363
285.0000,99.3488,71.3308,79.1561,71.7819,84.4363
285.5000,99.3575,71.4205,79.2303,71.8716,84.4878
286.0000,99.3674,71.4205,79.2303,71.8716,84.4878
286.5000,99.3781,71.5042,79.2944,71.9493,84.5209
287.0000,99.3868,71.5042,79.2944,71.9493,84.5209
287.5000,99.3972,71.5889,79.3623,72.0168,84.5499
288.0000,99.4057,71.5889,79.3623,72.0168,84.5499
288.5000,99.4160,71.6717,79.4358,72.1170,84.6166
289.0000,99.4253,71.6717,79.4358,72.1170,84.6166
289.5000,99.4345,71.6717,79.4358,72.1170,84.6166
290.0000,99.4439,71.7587,79.5023,72.2074,84.6641
290.5000,99.4567,71.7587,79.5023,72.2074,84.6641
291.0000,99.4661,71.8407,79.5717,72.2841,84.7020
291.5000,99.4769,71.8407,79.5717,72.2841,84.7020
292.0000,99.4850,71.9176,79.6384,72.3406,84.7279
292.5000,99.4935,71.9176,79.6384,72.3406,84.7279
293.0000,99.5020,71.9909,79.7035,72.4370,84.7873
293.5000,99.5104,71.9909,79.7035,72.4370,84.7873
294.0000,99.5181,72.0716,79.7684,72.5277,84.8315
294.5000,99.5256,72.0716,79.7684,72.5277,84.8315
295.0000,99.5338,72.0716,79.7684,72.5277,84.8315
295.5000,99.5411,72.1492,79.8241,72.6036,84.8654
296.0000,99.5480,72.1492,79.8241,72.6036,84.8654
296.5000,99.5556,72.2172,79.8819,72.6566,84.8901
297.0000,99.5626,72.2172,79.8819,72.6566,84.8901
297.5000,99.5706,72.2910,79.9451,72.7608,84.9519
298.0000,99.5776,72.2910,79.9451,72.7608,84.9519
298.5000,99.5834,72.3655,80.0044,72.8395,84.9999
299.0000,99.5902,72.3655,80.0044,72.8395,84.9999
299.5000,99.5978,72.4421,80.0610,72.9158,85.0380
300.0000,99.6039,72.4421,80.0610,72.9158,85.0380
300.5000,99.6102,72.5146,80.1152,72.9721,85.0626
301.0000,99.6168,72.5146,80.1152,72.9721,85.0626
301.5000,99.6254,72.5146,80.1152,72.9721,85.0626
302.0000,99.6311,72.5877,80.1779,73.0743,85.1242
302.5000,99.6358,72.5877,80.1779,73.0743,85.1242
303.0000,99.6412,72.6588,80.2391,73.1556,85.1656
303.5000,99.6467,72.6588,80.2391,73.1556,85.1656
304.0000,99.6518,72.7333,80.2967,73.2259,85.2027
304.5000,99.6562,72.7333,80.2967,73.2259,85.2027
305.0000,99.6616,72.8100,80.3558,73.2844,85.2299
305.5000,99.6675,72.8100,80.3558,73.2844,85.2299
306.0000,99.6720,72.8863,80.4139,73.3809,85.2878
306.5000,99.6769,72.8863,80.4139,73.3809,85.2878
307.0000,99.6813,72.9627,80.4709,73.4579,85.3237
307.5000,99.6866,72.9654,80.4712,73.4597,85.3237
308.0000,99.6920,72.9654,80.4712,73.4597,85.3237
308.5000,99.6969,73.0462,80.5269,73.5235,85.3527
309.0000,99.7021,73.0462,80.5269,73.5235,85.3527
309.5000,99.7067,73.1290,80.5814,73.5703,85.3784
310.0000,99.7122,73.1290,80.5814,73.5703,85.3784
310.5000,99.7170,73.2038,80.6334,73.6646,85.4313
311.0000,99.7216,73.2038,80.6334,73.6646,85.4313
311.5000,99.7258,73.2897,80.6905,73.7412,85.4696
312.0000,99.7305,73.2897,80.6905,73.7412,85.4696
312.5000,99.7353,73.3810,80.7521,73.8007,85.5009
313.0000,99.7396,73.3810,80.7521,73.8007,85.5009
313.5000,99.7443,73.3810,80.7521,73.8007,85.5009
314.0000,99.7475,73.4680,80.8095,73.8541,85.5239
314.5000,99.7539,73.4680,80.8095,73.8541,85.5239
315.0000,99.7584,73.5642,80.8709,73.9496,85.5789
315.5000,99.7621,73.5642,80.8709,73.9496,85.5789
316.0000,99.7663,73.6495,80.9274,74.0218,85.6127
316.5000,99.7705,73.6495,80.9274,74.0218,85.6127
317.0000,99.7752,73.7386,80.9879,74.0836,85.6408
317.5000,99.7797,73.7386,80.9879,74.0836,85.6408
318.0000,99.7828,73.8281,81.0505,74.1403,85.6671
318.5000,99.7862,73.8281,81.0505,74.1403,85.6671
319.0000,99.7907,73.9184,81.1116,74.2309,85.7194
319.5000,99.7955,73.9184,81.1116,74.2309,85.7194
320.0000,99.7981,73.9184,81.1116,74.2309,85.7194
320.5000,99.8014,74.0095,81.1765,74.3036,85.7581
321.0000,99.8057,74.0095,81.1765,74.3036,85.7581
321.5000,99.8096,74.1045,81.2439,74.3721,85.7874
322.0000,99.8126,74.1045,81.2439,74.3721,85.7874
322.5000,99.8158,74.1948,81.3096,74.4257,85.8093
323.0000,99.8196,74.1948,81.3096,74.4257,85.8093
323.5000,99.8239,74.2794,81.3676,74.5102,85.8649
324.0000,99.8262,74.2794,81.3676,74.5102,85.8649
324.5000,99.8294,74.3618,81.4290,74.5836,85.9026
325.0000,99.8323,74.3618,81.4290,74.5836,85.9026
325.5000,99.8345,74.3618,81.4290,74.5836,85.9026
326.0000,99.8371,74.4488,81.4922,74.6481,85.9297
326.5000,99.8405,74.4488,81.4922,74.6481,85.9297
327.0000,99.8441,74.5299,81.5545,74.7021,85.9504
327.5000,99.8483,74.5299,81.5545,74.7021,85.9504
328.0000,99.8508,74.6150,81.6206,74.7903,85.9979
328.5000,99.8531,74.6150,81.6206,74.7903,85.9979
329.0000,99.8556,74.6981,81.6853,74.8551,86.0292
329.5000,99.8586,74.6981,81.6853,74.8551,86.0292
330.0000,99.8607,74.7804,81.7393,74.9227,86.0574
330.5000,99.8642,74.7804,81.7393,74.9227,86.0574
331.0000,99.8671,74.8620,81.8001,74.9724,86.0809
331.5000,99.8693,74.8620,81.8001,74.9724,86.0809
332.0000,99.8718,74.8620,81.8001,74.9724,86.0809
332.5000,99.8747,74.9453,81.8582,75.0612,86.1329
333.0000,99.8777,74.9453,81.8582,75.0612,86.1329
333.5000,99.8795,75.0251,81.9136,75.1283,86.1708
334.0000,99.8822,75.0251,81.9136,75.1283,86.1708
334.5000,99.8843,75.1110,81.9729,75.1871,86.1995
335.0000,99.8864,75.1110,81.9729,75.1871,86.1995
335.5000,99.8885,75.1912,82.0319,75.2436,86.2218
336.0000,99.8910,75.1912,82.0319,75.2436,86.2218
336.5000,99.8930,75.2711,82.0880,75.3252,86.2758
337.0000,99.8951,75.2711,82.0880,75.3252,86.2758
337.5000,99.8964,75.3498,82.1471,75.4012,86.3175
338.0000,99.8988,75.3513,82.1476,75.4021,86.3175
338.5000,99.9008,75.3513,82.1476,75.4021,86.3175
339.0000,99.9019,75.4342,82.2072,75.4670,86.3484
339.5000,99.9033,75.4342,82.2072,75.4670,86.3484
340.0000,99.9048,75.5134,82.2589,75.5222,86.3733
340.5000,99.9061,75.5134,82.2589,75.5222,86.3733
341.0000,99.9076,75.5898,82.3131,75.6022,86.4291
341.5000,99.9095,75.5898,82.3131,75.6022,86.4291
342.0000,99.9107,75.6781,82.3726,75.6776,86.4703
342.5000,99.9124,75.6781,82.3726,75.6776,86.4703
343.0000,99.9151,75.7605,82.4305,75.7489,86.5027
343.5000,99.9165,75.7605,82.4305,75.7489,86.5027
344.0000,99.9170,75.7605,82.4305,75.7489,86.5027
344.5000,99.9179,75.8430,82.4859,75.8049,86.5263
345.0000,99.9194,75.8430,82.4859,75.8049,86.5263
345.5000,99.9197,75.9206,82.5376,75.8834,86.5790
346.0000,99.9205,75.9206,82.5376,75.8834,86.5790
346.5000,99.9222,75.9996,82.5916,75.9640,86.6175
347.0000,99.9238,75.9996,82.5916,75.9640,86.6175
347.5000,99.9242,76.0741,82.6453,76.0352,86.6466
348.0000,99.9260,76.0741,82.6453,76.0352,86.6466
348.5000,99.9277,76.1503,82.7051,76.0921,86.6702
349.0000,99.9283,76.1503,82.7051,76.0921,86.6702
349.5000,99.9289,76.2284,82.7576,76.1805,86.7271
350.0000,99.9308,76.2284,82.7576,76.1805,86.7271
350.5000,99.9325,76.2284,82.7576,76.1805,86.7271
351.0000,99.9336,76.3087,82.8104,76.2533,86.7674
351.5000,99.9343,76.3087,82.8104,76.2533,86.7674
352.0000,99.9351,76.3859,82.8674,76.3216,86.8050
352.5000,99.9362,76.3859,82.8674,76.3216,86.8050
353.0000,99.9364,76.4629,82.9221,76.3838,86.8293
353.5000,99.9371,76.4629,82.9221,76.3838,86.8293
354.0000,99.9382,76.5403,82.9725,76.4759,86.8855
354.5000,99.9389,76.5403,82.9725,76.4759,86.8855
355.0000,99.9402,76.6143,83.0302,76.5577,86.9255
355.5000,99.9410,76.6143,83.0302,76.5577,86.9255
356.0000,99.9416,76.6143,83.0302,76.5577,86.9255
356.5000,99.9426,76.6920,83.0833,76.6259,86.9591
357.0000,99.9436,76.6920,83.0833,76.6259,86.9591
357.5000,99.9441,76.7692,83.1375,76.6779,86.9838
358.0000,99.9446,76.7692,83.1375,76.6779,86.9838
358.5000,99.9452,76.8397,83.1938,76.7649,87.0375
359.0000,99.9453,76.8397,83.1938,76.7649,87.0375
359.5000,99.9464,76.9148,83.2432,76.8364,87.0747
360.0000,99.9478,76.9148,83.2432,76.8364,87.0747
360.5000,99.9481,76.9876,83.2947,76.9050,87.1052
361.0000,99.9486,76.9876,83.2947,76.9050,87.1052
361.5000,99.9491,77.0632,83.3503,76.9585,87.1291
362.0000,99.9492,77.0632,83.3503,76.9585,87.1291
362.5000,99.9495,77.0632,83.3503,76.9585,87.1291
363.0000,99.9502,77.1351,83.3994,77.0468,87.1829
363.5000,99.9506,77.1351,83.3994,77.0468,87.1829
364.0000,99.9516,77.2068,83.4481,77.1204,87.2236
364.5000,99.9522,77.2068,83.4481,77.1204,87.2236
365.0000,99.9523,77.2815,83.4992,77.1869,87.2527
365.5000,99.9528,77.2815,83.4992,77.1869,87.2527
366.0000,99.9534,77.3473,83.5497,77.2477,87.2762
366.5000,99.9534,77.3473,83.5497,77.2477,87.2762
367.0000,99.9542,77.4115,83.6032,77.3407,87.3353
367.5000,99.9545,77.4115,83.6032,77.3407,87.3353
368.0000,99.9554,77.4832,83.6521,77.4126,87.3756
368.5000,99.9557,77.4841,83.6521,77.4132,87.3756
369.0000,99.9557,77.4841,83.6521,77.4132,87.3756
369.5000,99.9561,77.5572,83.6999,77.4778,87.4086
370.0000,99.9561,77.5572,83.6999,77.4778,87.4086
370.5000,99.9565,77.6320,83.7494,77.5313,87.4356
371.0000,99.9570,77.6320,83.7494,77.5313,87.4356
371.5000,99.9575,77.7028,83.7984,77.6142,87.4878
372.0000,99.9575,77.7028,83.7984,77.6142,87.4878
372.5000,99.9583,77.7743,83.8449,77.6929,87.5293
373.0000,99.9584,77.7743,83.8449,77.6929,87.5293
373.5000,99.9587,77.8431,83.8931,77.7564,87.5580
374.0000,99.9590,77.8431,83.8931,77.7564,87.5580
374.5000,99.9592,77.8431,83.8931,77.7564,87.5580
375.0000,99.9593,77.9157,83.9388,77.8075,87.5785
375.5000,99.9595,77.9157,83.9388,77.8075,87.5785
376.0000,99.9595,77.9908,83.9856,77.8932,87.6272
376.5000,99.9597,77.9908,83.9856,77.8932,87.6272
377.0000,99.9598,78.0625,84.0403,77.9627,87.6665
377.5000,99.9603,78.0625,84.0403,77.9627,87.6665
378.0000,99.9603,78.1392,84.0877,78.0217,87.6955
378.5000,99.9604,78.1392,84.0877,78.0217,87.6955
379.0000,99.9607,78.2072,84.1367,78.0745,87.7160
379.5000,99.9612,78.2072,84.1367,78.0745,87.7160
380.0000,99.9612,78.2714,84.1861,78.1631,87.7645
380.5000,99.9612,78.2714,84.1861,78.1631,87.7645
381.0000,99.9612,78.2714,84.1861,78.1631,87.7645
381.5000,99.9615,78.3395,84.2315,78.2340,87.8033
382.0000,99.9615,78.3395,84.2315,78.2340,87.8033
382.5000,99.9617,78.4113,84.2811,78.2950,87.8306
383.0000,99.9617,78.4113,84.2811,78.2950,87.8306
383.5000,99.9621,78.4799,84.3325,78.3400,87.8484
384.0000,99.9623,78.4799,84.3325,78.3400,87.8484
384.5000,99.9631,78.5447,84.3817,78.4310,87.9014
385.0000,99.9631,78.5447,84.3817,78.4310,87.9014
385.5000,99.9637,78.6167,84.4323,78.4966,87.9358
386.0000,99.9637,78.6167,84.4323,78.4966,87.9358
386.5000,99.9640,78.6167,84.4323,78.4966,87.9358
387.0000,99.9640,78.6866,84.4793,78.5592,87.9641
387.5000,99.9640,78.6866,84.4793,78.5592,87.9641
388.0000,99.9641,78.7540,84.5302,78.6095,87.9865
388.5000,99.9643,78.7540,84.5302,78.6095,87.9865
389.0000,99.9644,78.8221,84.5771,78.6873,88.0381
389.5000,99.9648,78.8221,84.5771,78.6873,88.0381
390.0000,99.9652,78.8862,84.6255,78.7519,88.0746
390.5000,99.9652,78.8862,84.6255,78.7519,88.0746
391.0000,99.9654,78.9566,84.6781,78.8062,88.1022
391.5000,99.9659,78.9566,84.6781,78.8062,88.1022
392.0000,99.9662,79.0258,84.7274,78.8584,88.1213
392.5000,99.9662,79.0258,84.7274,78.8584,88.1213
393.0000,99.9663,79.0258,84.7274,78.8584,88.1213
393.5000,99.9666,79.0952,84.7754,78.9405,88.1733
394.0000,99.9669,79.0952,84.7754,78.9405,88.1733
394.5000,99.9674,79.1674,84.8235,79.0071,88.2076
395.0000,99.9677,79.1674,84.8235,79.0071,88.2076
395.5000,99.9677,79.2386,84.8736,79.0667,88.2363
396.0000,99.9680,79.2386,84.8736,79.0667,88.2363
396.5000,99.9683,79.3051,84.9257,79.1181,88.2591
397.0000,99.9685,79.3051,84.9257,79.1181,88.2591
397.5000,99.9688,79.3772,84.9759,79.1935,88.3052
398.0000,99.9688,79.3772,84.9759,79.1935,88.3052
398.5000,99.9689,79.4516,85.0278,79.2570,88.3455
399.0000,99.9692,79.4522,85.0279,79.2572,88.3455
399.5000,99.9694,79.4522,85.0279,79.2572,88.3455
400.0000,99.9694,79.5210,85.0721,79.3134,88.3751
400.5000,99.9697,79.5210,85.0721,79.3134,88.3751
401.0000,99.9702,79.5915,85.1193,79.3625,88.3976
401.5000,99.9706,79.5915,85.1193,79.3625,88.3976
402.0000,99.9708,79.6618,85.1693,79.4435,88.4434
402.5000,99.9709,79.6618,85.1693,79.4435,88.4434
403.0000,99.9711,79.7287,85.2214,79.5089,88.4771
403.5000,99.9711,79.7287,85.2214,79.5089,88.4771
404.0000,99.9713,79.8029,85.2731,79.5643,88.5064
404.5000,99.9714,79.8029,85.2731,79.5643,88.5064
405.0000,99.9717,79.8029,85.2731,79.5643,88.5064
405.5000,99.9719,79.8699,85.3230,79.6143,88.5277
406.0000,99.9723,79.8699,85.3230,79.6143,88.5277
406.5000,99.9723,79.9348,85.3683,79.6912,88.5730
407.0000,99.9726,79.9348,85.3683,79.6912,88.5730
407.5000,99.9728,80.0034,85.4150,79.7583,88.6068
408.0000,99.9733,80.0034,85.4150,79.7583,88.6068
408.5000,99.9734,80.0704,85.4605,79.8134,88.6363
409.0000,99.9737,80.0704,85.4605,79.8134,88.6363
409.5000,99.9737,80.1379,85.5136,79.8616,88.6603
410.0000,99.9737,80.1379,85.5136,79.8616,88.6603
410.5000,99.9740,80.2099,85.5614,79.9367,88.7089
411.0000,99.9742,80.2099,85.5614,79.9367,88.7089
411.5000,99.9743,80.2099,85.5614,79.9367,88.7089
412.0000,99.9745,80.2806,85.6091,80.0057,88.7453
412.5000,99.9746,80.2806,85.6091,80.0057,88.7453
413.0000,99.9746,80.3473,85.6590,80.0588,88.7736
413.5000,99.9746,80.3473,85.6590,80.0588,88.7736
414.0000,99.9748,80.4125,85.7043,80.1049,88.7929
414.5000,99.9750,80.4125,85.7043,80.1049,88.7929
415.0000,99.9750,80.4792,85.7538,80.1763,88.8394
415.5000,99.9753,80.4792,85.7538,80.1763,88.8394
416.0000,99.9753,80.5425,85.8005,80.2403,88.8715
416.5000,99.9756,80.5425,85.8005,80.2403,88.8715
417.0000,99.9757,80.6113,85.8495,80.2997,88.9014
417.5000,99.9757,80.6113,85.8497,80.2998,88.9014
418.0000,99.9760,80.6113,85.8497,80.2998,88.9014
418.5000,99.9762,80.6753,85.9004,80.3486,88.9250
419.0000,99.9765,80.6753,85.9004,80.3486,88.9250
419.5000,99.9765,80.7459,85.9487,80.4289,88.9725
420.0000,99.9765,80.7459,85.9487,80.4289,88.9725
420.5000,99.9768,80.8143,86.0027,80.4958,89.0088
421.0000,99.9770,80.8143,86.0027,80.4958,89.0088
421.5000,99.9770,80.8767,86.0468,80.5532,89.0387
422.0000,99.9773,80.8767,86.0468,80.5532,89.0387
422.5000,99.9774,80.9400,86.0902,80.6047,89.0592
423.0000,99.9778,80.9400,86.0902,80.6047,89.0592
423.5000,99.9781,80.9400,86.0902,80.6047,89.0592
424.0000,99.9781,81.0086,86.1425,80.6794,89.1040
424.5000,99.9782,81.0086,86.1425,80.6794,89.1040
425.0000,99.9782,81.0727,86.1896,80.7412,89.1359
425.5000,99.9784,81.0727,86.1896,80.7412,89.1359
426.0000,99.9784,81.1335,86.2371,80.8033,89.1630
426.5000,99.9787,81.1335,86.2371,80.8033,89.1630
427.0000,99.9789,81.1977,86.2844,80.8473,89.1848
427.5000,99.9792,81.1977,86.2844,80.8473,89.1848
428.0000,99.9792,81.2550,86.3241,80.9260,89.2342
428.5000,99.9793,81.2550,86.3241,80.9260,89.2342
429.0000,99.9795,81.3153,86.3730,80.9839,89.2655
429.5000,99.9796,81.3153,86.3730,80.9839,89.2655
430.0000,99.9799,81.3153,86.3730,80.9839,89.2655
430.5000,99.9799,81.3811,86.4196,81.0370,89.2909
431.0000,99.9799,81.3811,86.4196,81.0370,89.2909
431.5000,99.9801,81.4433,86.4643,81.0842,89.3096
432.0000,99.9801,81.4433,86.4643,81.0842,89.3096
432.5000,99.9802,81.5025,86.5104,81.1534,89.3586
433.0000,99.9802,81.5025,86.5104,81.1534,89.3586
433.5000,99.9802,81.5585,86.5518,81.2179,89.3891
434.0000,99.9802,81.5585,86.5518,81.2179,89.3891
434.5000,99.9802,81.6112,86.5939,81.2719,89.4135
435.0000,99.9806,81.6112,86.5939,81.2719,89.4135
435.5000,99.9809,81.6112,86.5939,81.2719,89.4135
436.0000,99.9809,81.6730,86.6397,81.3199,89.4371
436.5000,99.9812,81.6730,86.6397,81.3199,89.4371
437.0000,99.9813,81.7368,86.6856,81.3924,89.4871
437.5000,99.9815,81.7368,86.6856,81.3924,89.4871
438.0000,99.9817,81.7965,86.7275,81.4504,89.5191
438.5000,99.9820,81.7965,86.7275,81.4504,89.5191
439.0000,99.9821,81.8517,86.7705,81.5060,89.5472
439.5000,99.9821,81.8517,86.7705,81.5060,89.5472
440.0000,99.9823,81.9044,86.8152,81.5534,89.5670
440.5000,99.9824,81.9044,86.8152,81.5534,89.5670
441.0000,99.9827,81.9632,86.8569,81.6264,89.6131
441.5000,99.9827,81.9632,86.8569,81.6264,89.6131
442.0000,99.9832,81.9632,86.8569,81.6264,89.6131
442.5000,99.9835,82.0194,86.9004,81.6863,89.6509
443.0000,99.9837,82.0194,86.9004,81.6863,89.6509
443.5000,99.9838,82.0783,86.9435,81.7376,89.6771
444.0000,99.9838,82.0783,86.9435,81.7376,89.6771
444.5000,99.9841,82.1344,86.9834,81.7820,89.7010
445.0000,99.9843,82.1344,86.9834,81.7820,89.7010
445.5000,99.9843,82.1899,87.0247,81.8508,89.7486
446.0000,99.9843,82.1899,87.0247,81.8508,89.7486
446.5000,99.9844,82.2430,87.0650,81.9103,89.7820
447.0000,99.9844,82.2430,87.0650,81.9103,89.7820
447.5000,99.9846,82.2956,87.1024,81.9623,89.8084
448.0000,99.9852,82.2956,87.1024,81.9626,89.8084
448.5000,99.9852,82.2956,87.1024,81.9626,89.8084
449.0000,99.9857,82.3521,87.1408,82.0070,89.8275
449.5000,99.9860,82.3521,87.1408,82.0070,89.8275
450.0000,99.9860,82.4102,87.1788,82.0767,89.8721
450.5000,99.9862,82.4102,87.1788,82.0767,89.8721
451.0000,99.9862,82.4728,87.2192,82.1361,89.9020
451.5000,99.9862,82.4728,87.2192,82.1361,89.9020
452.0000,99.9863,82.5316,87.2625,82.1895,89.9270
452.5000,99.9863,82.5316,87.2625,82.1895,89.9270
453.0000,99.9866,82.5887,87.3057,82.2303,89.9454
453.5000,99.9868,82.5887,87.3057,82.2303,89.9454
454.0000,99.9868,82.5887,87.3057,82.2303,89.9454
454.5000,99.9869,82.6491,87.3495,82.2993,89.9845
455.0000,99.9869,82.6491,87.3495,82.2993,89.9845
455.5000,99.9869,82.7071,87.3939,82.3529,90.0148
456.0000,99.9869,82.7071,87.3939,82.3529,90.0148
456.5000,99.9869,82.7621,87.4305,82.4042,90.0376
457.0000,99.9872,82.7621,87.4305,82.4042,90.0376
457.5000,99.9872,82.8224,87.4717,82.4442,90.0587
458.0000,99.9872,82.8224,87.4717,82.4442,90.0587
458.5000,99.9872,82.8863,87.5143,82.5113,90.1037
459.0000,99.9872,82.8863,87.5143,82.5113,90.1037
459.5000,99.9874,82.9465,87.5533,82.5679,90.1325
460.0000,99.9876,82.9465,87.5533,82.5679,90.1325
460.5000,99.9876,82.9465,87.5533,82.5679,90.1325
461.0000,99.9877,83.0063,87.5947,82.6212,90.1549
461.5000,99.9879,83.0063,87.5947,82.6212,90.1549
462.0000,99.9882,83.0687,87.6402,82.6622,90.1726
462.5000,99.9882,83.0687,87.6402,82.6622,90.1726
463.0000,99.9882,83.1304,87.6832,82.7321,90.2117
463.5000,99.9883,83.1304,87.6832,82.7321,90.2117
464.0000,99.9885,83.1876,87.7219,82.7844,90.2406
464.5000,99.9886,83.1876,87.7219,82.7844,90.2406
465.0000,99.9886,83.2535,87.7624,82.8374,90.2645
465.5000,99.9888,83.2535,87.7624,82.8374,90.2645
466.0000,99.9891,83.2535,87.7624,82.8374,90.2645
466.5000,99.9891,83.3196,87.8044,82.8805,90.2842
467.0000,99.9893,83.3196,87.8044,82.8805,90.2842
467.5000,99.9894,83.3788,87.8472,82.9408,90.3256
468.0000,99.9896,83.3788,87.8472,82.9408,90.3256
468.5000,99.9897,83.4367,87.8927,82.9989,90.3512
469.0000,99.9897,83.4367,87.8927,82.9989,90.3512
469.5000,99.9897,83.4968,87.9380,83.0457,90.3747
470.0000,99.9897,83.4968,87.9380,83.0457,90.3747
470.5000,99.9897,83.5568,87.9830,83.0884,90.3955
471.0000,99.9899,83.5568,87.9830,83.0884,90.3955
471.5000,99.9902,83.6153,88.0231,83.1533,90.4358
472.0000,99.9905,83.6153,88.0231,83.1533,90.4358
472.5000,99.9905,83.6153,88.0231,83.1533,90.4358
473.0000,99.9907,83.6689,88.0688,83.2082,90.4646
473.5000,99.9910,83.6689,88.0688,83.2082,90.4646
474.0000,99.9910,83.7277,88.1125,83.2590,90.4929
474.5000,99.9910,83.7277,88.1125,83.2590,90.4929
475.0000,99.9910,83.7886,88.1543,83.2977,90.5106
475.5000,99.9911,83.7886,88.1543,83.2977,90.5106
476.0000,99.9913,83.8531,88.1997,83.3662,90.5472
476.5000,99.9915,83.8531,88.1997,83.3662,90.5472
477.0000,99.9915,83.9084,88.2428,83.4195,90.5755
477.5000,99.9918,83.9084,88.2428,83.4195,90.5755
478.0000,99.9922,83.9732,88.2865,83.4657,90.6011
478.5000,99.9924,83.9732,88.2865,83.4659,90.6011
479.0000,99.9924,83.9732,88.2865,83.4659,90.6011
479.5000,99.9924,84.0275,88.3277,83.5078,90.6202
480.0000,99.9924,84.0275,88.3277,83.5078,90.6202
480.5000,99.9924,84.0851,88.3671,83.5694,90.6599
481.0000,99.9924,84.0851,88.3671,83.5694,90.6599
481.5000,99.9924,84.1394,88.4115,83.6252,90.6872
482.0000,99.9924,84.1394,88.4115,83.6252,90.6872
482.5000,99.9924,84.1976,88.4585,83.6769,90.7132
483.0000,99.9925,84.1976,88.4585,83.6769,90.7132
483.5000,99.9925,84.2541,88.5000,83.7142,90.7321
484.0000,99.9927,84.2541,88.5000,83.7142,90.7321
484.5000,99.9927,84.2541,88.5000,83.7142,90.7321
485.0000,99.9929,84.3093,88.5435,83.7695,90.7704
485.5000,99.9929,84.3093,88.5435,83.7695,90.7704
486.0000,99.9929,84.3687,88.5832,83.8236,90.7983
486.5000,99.9930,84.3687,88.5832,83.8236,90.7983
487.0000,99.9930,84.4262,88.6229,83.8744,90.8225
487.5000,99.9930,84.4262,88.6229,83.8744,90.8225
488.0000,99.9932,84.4858,88.6639,83.9176,90.8445
488.5000,99.9933,84.4858,88.6639,83.9176,90.8445
489.0000,99.9933,84.5428,88.7029,83.9842,90.8874
489.5000,99.9933,84.5428,88.7029,83.9842,90.8874
490.0000,99.9933,84.5974,88.7388,84.0358,90.9158
490.5000,99.9933,84.5974,88.7388,84.0358,90.9158
491.0000,99.9933,84.5974,88.7388,84.0358,90.9158
491.5000,99.9935,84.6575,88.7769,84.0834,90.9408
492.0000,99.9935,84.6575,88.7769,84.0834,90.9408
492.5000,99.9935,84.7137,88.8150,84.1249,90.9591
493.0000,99.9935,84.7137,88.8150,84.1249,90.9591
493.5000,99.9936,84.7746,88.8566,84.1902,90.9976
494.0000,99.9938,84.7746,88.8566,84.1902,90.9976
494.5000,99.9938,84.8333,88.8929,84.2458,91.0254
495.0000,99.9938,84.8333,88.8929,84.2458,91.0254
495.5000,99.9938,84.8877,88.9320,84.2998,91.0482
496.0000,99.9938,84.8877,88.9320,84.2998,91.0482
496.5000,99.9938,84.8877,88.9320,84.2998,91.0482
497.0000,99.9938,84.9403,88.9693,84.3409,91.0628
497.5000,99.9939,84.9403,88.9693,84.3409,91.0628
498.0000,99.9939,84.9983,89.0061,84.4040,91.1025
498.5000,99.9941,84.9983,89.0061,84.4040,91.1025
499.0000,99.9941,85.0561,89.0465,84.4619,91.1328
499.5000,99.9942,85.0561,89.0465,84.4619,91.1328
500.0000,99.9944,85.1100,89.0822,84.5123,91.1577
500.5000,99.9944,85.1100,89.0822,84.5123,91.1577
501.0000,99.9944,85.1638,89.1192,84.5514,91.1763
501.5000,99.9946,85.1638,89.1192,84.5514,91.1763
502.0000,99.9946,85.2221,89.1559,84.6167,91.2194
502.5000,99.9947,85.2221,89.1559,84.6167,91.2194
503.0000,99.9949,85.2221,89.1559,84.6167,91.2194
503.5000,99.9950,85.2750,89.1912,84.6692,91.2474
504.0000,99.9950,85.2750,89.1912,84.6692,91.2474
504.5000,99.9953,85.3270,89.2317,84.7184,91.2707
505.0000,99.9953,85.3270,89.2317,84.7184,91.2707
505.5000,99.9956,85.3846,89.2688,84.7593,91.2879
506.0000,99.9956,85.3846,89.2688,84.7593,91.2879
506.5000,99.9956,85.4366,89.3086,84.8219,91.3278
507.0000,99.9956,85.4366,89.3086,84.8219,91.3278
507.5000,99.9956,85.4919,89.3436,84.8720,91.3554
508.0000,99.9956,85.4919,89.3436,84.8720,91.3554
508.5000,99.9956,85.5433,89.3802,84.9201,91.3808
509.0000,99.9958,85.5436,89.3802,84.9201,91.3808
509.5000,99.9960,85.5436,89.3802,84.9201,91.3808
510.0000,99.9960,85.5911,89.4186,84.9600,91.3967
510.5000,99.9960,85.5911,89.4186,84.9600,91.3967
511.0000,99.9960,85.6384,89.4568,85.0220,91.4357
511.5000,99.9960,85.6384,89.4568,85.0220,91.4357
512.0000,99.9960,85.6904,89.4956,85.0770,91.4664
512.5000,99.9960,85.6904,89.4956,85.0770,91.4664
513.0000,99.9961,85.7418,89.5284,85.1256,91.4932
513.5000,99.9961,85.7418,89.5284,85.1256,91.4932
514.0000,99.9961,85.7958,89.5671,85.1690,91.5096
514.5000,99.9961,85.7958,89.5671,85.1690,91.5096
515.0000,99.9961,85.7958,89.5671,85.1690,91.5096
515.5000,99.9961,85.8443,89.6031,85.2310,91.5450
516.0000,99.9961,85.8443,89.6031,85.2310,91.5450
516.5000,99.9961,85.8989,89.6405,85.2836,91.5732
517.0000,99.9961,85.8989,89.6405,85.2836,91.5732
517.5000,99.9961,85.9532,89.6747,85.3305,91.5968
518.0000,99.9961,85.9532,89.6747,85.3305,91.5968
518.5000,99.9963,86.0074,89.7082,85.3679,91.6144
519.0000,99.9966,86.0074,89.7082,85.3679,91.6144
519.5000,99.9966,86.0645,89.7445,85.4362,91.6516
520.0000,99.9966,86.0645,89.7445,85.4362,91.6516
520.5000,99.9966,86.1152,89.7820,85.4912,91.6805
521.0000,99.9967,86.1152,89.7820,85.4912,91.6805
521.5000,99.9967,86.1152,89.7820,85.4912,91.6805
522.0000,99.9967,86.1755,89.8172,85.5405,91.7034
522.5000,99.9967,86.1755,89.8172,85.5405,91.7034
523.0000,99.9967,86.2310,89.8520,85.5834,91.7199
523.5000,99.9967,86.2310,89.8520,85.5834,91.7199
524.0000,99.9967,86.2842,89.8877,85.6472,91.7547
524.5000,99.9969,86.2842,89.8877,85.6472,91.7547
525.0000,99.9970,86.3354,89.9196,85.6998,91.7834
525.5000,99.9970,86.3354,89.9196,85.6998,91.7834
526.0000,99.9970,86.3894,89.9482,85.7403,91.8047
526.5000,99.9970,86.3894,89.9482,85.7403,91.8047
527.0000,99.9972,86.3894,89.9482,85.7403,91.8047
527.5000,99.9972,86.4480,89.9836,85.7787,91.8216
528.0000,99.9972,86.4480,89.9836,85.7787,91.8216
528.5000,99.9972,86.5075,90.0175,85.8410,91.8564
529.0000,99.9972,86.5075,90.0175,85.8410,91.8564
529.5000,99.9972,86.5603,90.0535,85.8966,91.8908
530.0000,99.9972,86.5603,90.0535,85.8966,91.8908
530.5000,99.9972,86.6071,90.0923,85.9430,91.9121
531.0000,99.9974,86.6071,90.0923,85.9430,91.9121
531.5000,99.9977,86.6577,90.1248,85.9827,91.9337
532.0000,99.9977,86.6577,90.1248,85.9827,91.9337
532.5000,99.9977,86.7066,90.1622,86.0451,91.9697
533.0000,99.9977,86.7066,90.1622,86.0451,91.9697
533.5000,99.9977,86.7066,90.1622,86.0451,91.9697
534.0000,99.9977,86.7591,90.2016,86.1013,92.0006
534.5000,99.9978,86.7591,90.2016,86.1013,92.0006
535.0000,99.9978,86.8061,90.2384,86.1433,92.0239
535.5000,99.9978,86.8061,90.2384,86.1433,92.0239
536.0000,99.9978,86.8575,90.2736,86.1824,92.0434
536.5000,99.9978,86.8575,90.2736,86.1824,92.0434
537.0000,99.9978,86.9095,90.3094,86.2412,92.0822
537.5000,99.9980,86.9095,90.3094,86.2412,92.0822
538.0000,99.9980,86.9618,90.3439,86.2891,92.1087
538.5000,99.9981,86.9618,90.3439,86.2891,92.1087
539.0000,99.9981,87.0159,90.3813,86.3372,92.1312
539.5000,99.9981,87.0162,90.3813,86.3372,92.1312
540.0000,99.9981,87.0162,90.3813,86.3372,92.1312
540.5000,99.9981,87.0657,90.4130,86.3747,92.1455
541.0000,99.9981,87.0657,90.4130,86.3747,92.1455
541.5000,99.9981,87.1152,90.4476,86.4425,92.1826
542.0000,99.9981,87.1152,90.4476,86.4425,92.1826
542.5000,99.9983,87.1606,90.4805,86.4968,92.2079
543.0000,99.9983,87.1606,90.4805,86.4968,92.2079
543.5000,99.9983,87.2070,90.5147,86.5418,92.2330
544.0000,99.9983,87.2070,90.5147,86.5418,92.2330
544.5000,99.9983,87.2599,90.5504,86.5803,92.2495
545.0000,99.9983,87.2599,90.5504,86.5803,92.2495
545.5000,99.9983,87.2599,90.5504,86.5803,92.2495
546.0000,99.9983,87.3093,90.5847,86.6373,92.2871
546.5000,99.9983,87.3093,90.5847,86.6373,92.2871
547.0000,99.9983,87.3602,90.6204,86.6891,92.3131
547.5000,99.9983,87.3602,90.6204,86.6891,92.3131
548.0000,99.9985,87.4082,90.6559,86.7333,92.3344
548.5000,99.9985,87.4082,90.6559,86.7333,92.3344
549.0000,99.9985,87.4555,90.6907,86.7678,92.3513
549.5000,99.9985,87.4555,90.6907,86.7678,92.3513
550.0000,99.9986,87.5010,90.7257,86.8239,92.3872
550.5000,99.9986,87.5010,90.7257,86.8239,92.3872
551.0000,99.9986,87.5538,90.7604,86.8743,92.4149
551.5000,99.9986,87.5538,90.7604,86.8743,92.4149
552.0000,99.9986,87.5538,90.7604,86.8743,92.4149
552.5000,99.9986,87.6002,90.7947,86.9178,92.4358
553.0000,99.9986,87.6002,90.7947,86.9178,92.4358
553.5000,99.9988,87.6446,90.8265,86.9557,92.4511
554.0000,99.9988,87.6446,90.8265,86.9557,92.4511
554.5000,99.9988,87.6902,90.8579,87.0117,92.4861
555.0000,99.9988,87.6902,90.8579,87.0117,92.4861
555.5000,99.9988,87.7383,90.8916,87.0599,92.5101
556.0000,99.9988,87.7383,90.8916,87.0599,92.5101
556.5000,99.9988,87.7914,90.9242,87.1018,92.5337
557.0000,99.9988,87.7914,90.9242,87.1018,92.5337
557.5000,99.9988,87.8341,90.9546,87.1406,92.5503
558.0000,99.9988,87.8341,90.9546,87.1406,92.5503
558.5000,99.9988,87.8341,90.9546,87.1406,92.5503
559.0000,99.9988,87.8779,90.9895,87.1969,92.5868
559.5000,99.9988,87.8779,90.9895,87.1969,92.5868
560.0000,99.9988,87.9321,91.0205,87.2458,92.6107
560.5000,99.9988,87.9321,91.0205,87.2458,92.6107
561.0000,99.9988,87.9723,91.0513,87.2883,92.6341
561.5000,99.9988,87.9723,91.0513,87.2883,92.6341
562.0000,99.9989,88.0208,91.0870,87.3279,92.6527
562.5000,99.9989,88.0208,91.0870,87.3279,92.6527
563.0000,99.9989,88.0652,91.1191,87.3870,92.6911
563.5000,99.9989,88.0652,91.1191,87.3870,92.6911
564.0000,99.9989,88.0652,91.1191,87.3870,92.6911
564.5000,99.9989,88.1136,91.1481,87.4354,92.7198
565.0000,99.9989,88.1136,91.1481,87.4354,92.7198
565.5000,99.9989,88.1574,91.1790,87.4749,92.7404
566.0000,99.9989,88.1574,91.1790,87.4749,92.7404
566.5000,99.9989,88.1982,91.2085,87.5113,92.7573
567.0000,99.9989,88.1982,91.2085,87.5113,92.7573
567.5000,99.9989,88.2365,91.2404,87.5675,92.7910
568.0000,99.9989,88.2365,91.2404,87.5675,92.7910
568.5000,99.9989,88.2796,91.2715,87.6139,92.8158
569.0000,99.9989,88.2796,91.2715,87.6139,92.8158
569.5000,99.9989,88.3183,91.3020,87.6498,92.8356
570.0000,99.9989,88.3183,91.3020,87.6498,92.8356
570.5000,99.9989,88.3183,91.3020,87.6498,92.8356
571.0000,99.9989,88.3547,91.3302,87.6857,92.8532
571.5000,99.9989,88.3547,91.3302,87.6857,92.8532
572.0000,99.9989,88.3951,91.3571,87.7391,92.8867
572.5000,99.9989,88.3951,91.3571,87.7391,92.8867
573.0000,99.9989,88.4338,91.3887,87.7854,92.9100
573.5000,99.9989,88.4338,91.3887,87.7854,92.9100
574.0000,99.9989,88.4744,91.4176,87.8269,92.9310
574.5000,99.9989,88.4744,91.4176,87.8269,92.9310
575.0000,99.9989,88.5135,91.4464,87.8588,92.9471
575.5000,99.9989,88.5135,91.4464,87.8588,92.9471
576.0000,99.9989,88.5135,91.4464,87.8588,92.9471
576.5000,99.9989,88.5502,91.4760,87.9135,92.9818
577.0000,99.9989,88.5502,91.4760,87.9135,92.9818
577.5000,99.9989,88.5901,91.5101,87.9560,93.0037
578.0000,99.9989,88.5901,91.5101,87.9560,93.0037
578.5000,99.9989,88.6278,91.5383,87.9937,93.0258
579.0000,99.9989,88.6278,91.5383,87.9937,93.0258
579.5000,99.9989,88.6708,91.5721,88.0272,93.0412
580.0000,99.9989,88.6708,91.5721,88.0272,93.0412
580.5000,99.9989,88.7119,91.6031,88.0815,93.0767
581.0000,99.9989,88.7119,91.6031,88.0815,93.0767
581.5000,99.9989,88.7516,91.6345,88.1246,93.1036
582.0000,99.9991,88.7516,91.6345,88.1246,93.1036
582.5000,99.9991,88.7516,91.6345,88.1246,93.1036
583.0000,99.9991,88.7929,91.6612,88.1664,93.1232
583.5000,99.9991,88.7929,91.6612,88.1664,93.1232
584.0000,99.9991,88.8272,91.6876,88.1920,93.1345
584.5000,99.9991,88.8272,91.6876,88.1920,93.1345
585.0000,99.9991,88.8663,91.7182,88.2440,93.1672
585.5000,99.9991,88.8663,91.7182,88.2440,93.1672
586.0000,99.9991,88.9029,91.7483,88.2860,93.1899
586.5000,99.9991,88.9029,91.7483,88.2860,93.1899
587.0000,99.9991,88.9400,91.7761,88.3203,93.2096
587.5000,99.9991,88.9400,91.7761,88.3203,93.2096
588.0000,99.9991,88.9810,91.8022,88.3508,93.2245
588.5000,99.9991,88.9810,91.8022,88.3508,93.2245
589.0000,99.9991,88.9810,91.8022,88.3508,93.2245
589.5000,99.9991,89.0200,91.8342,88.4021,93.2604
590.0000,99.9991,89.0200,91.8342,88.4021,93.2604
590.5000,99.9991,89.0564,91.8585,88.4464,93.2845
591.0000,99.9991,89.0564,91.8585,88.4464,93.2845
591.5000,99.9991,89.0928,91.8882,88.4841,93.3037
592.0000,99.9991,89.0928,91.8882,88.4841,93.3037
592.5000,99.9991,89.1371,91.9172,88.5097,93.3175
593.0000,99.9991,89.1371,91.9172,88.5097,93.3175
593.5000,99.9991,89.1767,91.9458,88.5620,93.3502
594.0000,99.9991,89.1767,91.9458,88.5620,93.3502
594.5000,99.9991,89.1767,91.9458,88.5620,93.3502
595.0000,99.9991,89.2151,91.9754,88.6036,93.3734
595.5000,99.9991,89.2151,91.9754,88.6036,93.3734
596.0000,99.9991,89.2538,92.0029,88.6354,93.3914
596.5000,99.9991,89.2538,92.0029,88.6354,93.3914
597.0000,99.9991,89.2935,92.0298,88.6663,93.4035
597.5000,99.9991,89.2935,92.0298,88.6663,93.4035
598.0000,99.9991,89.3354,92.0566,88.7167,93.4331
598.5000,99.9991,89.3354,92.0566,88.7167,93.4331
599.0000,99.9991,89.3734,92.0818,88.7536,93.4535
599.5000,99.9991,89.3734,92.0818,88.7536,93.4535
600.0000,99.9991,89.4128,92.1091,88.7887,93.4709
600.5000,99.9991,89.4128,92.1091,88.7887,93.4709
601.0000,99.9991,89.4128,92.1091,88.7887,93.4709
601.5000,99.9991,89.4577,92.1363,88.8194,93.4854
602.0000,99.9991,89.4577,92.1363,88.8194,93.4854
602.5000,99.9991,89.4994,92.1645,88.8636,93.5170
603.0000,99.9991,89.4994,92.1645,88.8636,93.5170
603.5000,99.9991,89.5387,92.1907,88.9004,93.5367
604.0000,99.9991,89.5387,92.1907,88.9004,93.5367
604.5000,99.9991,89.5809,92.2188,88.9366,93.5533
605.0000,99.9991,89.5809,92.2188,88.9366,93.5533
605.5000,99.9991,89.6178,92.2474,88.9646,93.5687
606.0000,99.9991,89.6178,92.2474,88.9646,93.5687
606.5000,99.9991,89.6178,92.2474,88.9646,93.5687
607.0000,99.9991,89.6526,92.2741,89.0114,93.6026
607.5000,99.9991,89.6526,92.2741,89.0114,93.6026
608.0000,99.9991,89.6914,92.3036,89.0480,93.6258
608.5000,99.9991,89.6914,92.3036,89.0480,93.6258
609.0000,99.9991,89.7325,92.3331,89.0852,93.6451
609.5000,99.9991,89.7325,92.3331,89.0852,93.6451
610.0000,99.9991,89.7691,92.3615,89.1121,93.6558
610.5000,99.9991,89.7691,92.3615,89.1121,93.6558
611.0000,99.9991,89.8070,92.3885,89.1575,93.6880
611.5000,99.9991,89.8070,92.3885,89.1575,93.6880
612.0000,99.9991,89.8508,92.4193,89.1966,93.7097
612.5000,99.9991,89.8508,92.4193,89.1966,93.7097
613.0000,99.9991,89.8508,92.4193,89.1966,93.7097
613.5000,99.9991,89.8930,92.4469,89.2337,93.7276
614.0000,99.9991,89.8930,92.4469,89.2337,93.7276
614.5000,99.9991,89.9291,92.4740,89.2613,93.7407
615.0000,99.9991,89.9291,92.4740,89.2613,93.7407
615.5000,99.9991,89.9681,92.5007,89.3058,93.7700
616.0000,99.9991,89.9681,92.5007,89.3058,93.7700
616.5000,99.9991,90.0048,92.5297,89.3443,93.7915
617.0000,99.9992,90.0048,92.5297,89.3443,93.7915
617.5000,99.9992,90.0424,92.5552,89.3745,93.8083
618.0000,99.9992,90.0424,92.5552,89.3745,93.8083
618.5000,99.9992,90.0787,92.5853,89.4037,93.8219
619.0000,99.9992,90.0787,92.5853,89.4037,93.8219
619.5000,99.9992,90.0787,92.5853,89.4037,93.8219
620.0000,99.9992,90.1152,92.6097,89.4483,93.8497
620.5000,99.9992,90.1152,92.6097,89.4483,93.8497
621.0000,99.9992,90.1447,92.6332,89.4872,93.8727
621.5000,99.9992,90.1447,92.6332,89.4872,93.8727
622.0000,99.9992,90.1820,92.6604,89.5255,93.8908
622.5000,99.9992,90.1820,92.6604,89.5255,93.8908
623.0000,99.9992,90.2213,92.6880,89.5538,93.9042
623.5000,99.9994,90.2213,92.6880,89.5538,93.9042
624.0000,99.9994,90.2595,92.7141,89.5987,93.9330
624.5000,99.9994,90.2595,92.7141,89.5987,93.9330
625.0000,99.9994,90.2595,92.7141,89.5987,93.9330
625.5000,99.9994,90.2903,92.7375,89.6375,93.9535
626.0000,99.9994,90.2903,92.7375,89.6375,93.9535
626.5000,99.9995,90.3231,92.7605,89.6725,93.9710
627.0000,99.9995,90.3231,92.7605,89.6725,93.9710
627.5000,99.9995,90.3600,92.7864,89.7011,93.9845
628.0000,99.9995,90.3600,92.7864,89.7011,93.9845
628.5000,99.9995,90.3947,92.8145,89.7459,94.0120
629.0000,99.9995,90.3947,92.8145,89.7459,94.0120
629.5000,99.9995,90.4320,92.8410,89.7798,94.0324
630.0000,99.9995,90.4320,92.8410,89.7798,94.0324
630.5000,99.9995,90.4694,92.8663,89.8102,94.0474
631.0000,99.9995,90.4694,92.8663,89.8102,94.0474
631.5000,99.9995,90.4694,92.8663,89.8102,94.0474
632.0000,99.9995,90.5063,92.8952,89.8379,94.0621
632.5000,99.9995,90.5063,92.8952,89.8379,94.0621
633.0000,99.9995,90.5442,92.9229,89.8810,94.0906
633.5000,99.9995,90.5442,92.9229,89.8810,94.0906
634.0000,99.9995,90.5766,92.9474,89.9157,94.1100
634.5000,99.9995,90.5766,92.9474,89.9157,94.1100
635.0000,99.9995,90.6128,92.9727,89.9493,94.1268
635.5000,99.9995,90.6128,92.9727,89.9493,94.1268
636.0000,99.9995,90.6441,93.0007,89.9757,94.1395
636.5000,99.9995,90.6441,93.0007,89.9757,94.1395
637.0000,99.9995,90.6441,93.0007,89.9757,94.1395
637.5000,99.9995,90.6823,93.0277,90.0208,94.1651
638.0000,99.9995,90.6823,93.0277,90.0208,94.1651
638.5000,99.9995,90.7158,93.0556,90.0572,94.1867
639.0000,99.9995,90.7158,93.0556,90.0572,94.1867
639.5000,99.9995,90.7504,93.0821,90.0893,94.2031
640.0000,99.9995,90.7504,93.0821,90.0893,94.2031
640.5000,99.9995,90.7833,93.1047,90.1169,94.2163
641.0000,99.9995,90.7833,93.1047,90.1169,94.2163
641.5000,99.9995,90.8152,93.1259,90.1642,94.2457
642.0000,99.9995,90.8152,93.1259,90.1642,94.2457
642.5000,99.9995,90.8462,93.1478,90.2010,94.2667
643.0000,99.9995,90.8462,93.1478,90.2010,94.2667
643.5000,99.9995,90.8462,93.1478,90.2010,94.2667
644.0000,99.9995,90.8784,93.1712,90.2314,94.2852
644.5000,99.9995,90.8784,93.1712,90.2314,94.2852
645.0000,99.9997,90.9096,93.1940,90.2551,94.3005
645.5000,99.9997,90.9096,93.1940,90.2551,94.3005
646.0000,99.9997,90.9387,93.2229,90.2987,94.3297
646.5000,99.9997,90.9387,93.2229,90.2987,94.3297
647.0000,99.9997,90.9733,93.2483,90.3321,94.3481
647.5000,99.9997,90.9733,93.2483,90.3321,94.3481
648.0000,99.9997,91.0010,93.2717,90.3624,94.3641
648.5000,99.9997,91.0010,93.2717,90.3624,94.3641
649.0000,99.9997,91.0317,93.2968,90.3883,94.3777
649.5000,99.9997,91.0317,93.2968,90.3883,94.3777
650.0000,99.9997,91.0317,93.2968,90.3883,94.3777
650.5000,99.9997,91.0655,93.3208,90.4342,94.4063
651.0000,99.9997,91.0655,93.3208,90.4342,94.4063
651.5000,99.9997,91.0972,93.3448,90.4696,94.4240
652.0000,99.9997,91.0972,93.3448,90.4696,94.4240
652.5000,99.9997,91.1291,93.3694,90.5059,94.4379
653.0000,99.9997,91.1291,93.3694,90.5059,94.4379
653.5000,99.9997,91.1620,93.3940,90.5306,94.4497
654.0000,99.9997,91.1620,93.3940,90.5306,94.4497
654.5000,99.9997,91.1933,93.4189,90.5711,94.4764
655.0000,99.9997,91.1933,93.4189,90.5711,94.4764
655.5000,99.9997,91.1933,93.4189,90.5711,94.4764
656.0000,99.9997,91.2267,93.4454,90.6069,94.4913
656.5000,99.9997,91.2267,93.4454,90.6069,94.4913
657.0000,99.9997,91.2580,93.4693,90.6383,94.5064
657.5000,99.9997,91.2580,93.4693,90.6383,94.5064
658.0000,99.9997,91.2913,93.4959,90.6630,94.5208
658.5000,99.9997,91.2913,93.4959,90.6630,94.5208
659.0000,99.9997,91.3254,93.5243,90.7018,94.5461
659.5000,99.9997,91.3254,93.5243,90.7018,94.5461
660.0000,99.9997,91.3584,93.5468,90.7363,94.5657
660.5000,99.9997,91.3584,93.5468,90.7363,94.5657
661.0000,99.9997,91.3936,93.5714,90.7707,94.5802
661.5000,99.9997,91.3936,93.5714,90.7707,94.5802
662.0000,99.9997,91.3936,93.5714,90.7707,94.5802
662.5000,99.9997,91.4257,93.5946,90.7971,94.5910
663.0000,99.9997,91.4257,93.5946,90.7971,94.5910
663.5000,99.9997,91.4613,93.6197,90.8343,94.6166
664.0000,99.9997,91.4613,93.6197,90.8343,94.6166
664.5000,99.9998,91.4934,93.6423,90.8678,94.6341
665.0000,99.9998,91.4934,93.6423,90.8678,94.6341
665.5000,99.9998,91.5274,93.6636,90.8983,94.6508
666.0000,99.9998,91.5274,93.6636,90.8983,94.6508
666.5000,99.9998,91.5602,93.6869,90.9208,94.6628
667.0000,99.9998,91.5602,93.6869,90.9208,94.6628
667.5000,99.9998,91.5602,93.6869,90.9208,94.6628
668.0000,99.9998,91.5960,93.7131,90.9647,94.6879
668.5000,99.9998,91.5960,93.7131,90.9647,94.6879
669.0000,99.9998,91.6308,93.7410,90.9999,94.7042
669.5000,99.9998,91.6308,93.7410,90.9999,94.7042
670.0000,99.9998,91.6649,93.7634,91.0260,94.7182
670.5000,99.9998,91.6649,93.7634,91.0260,94.7182
671.0000,99.9998,91.6963,93.7888,91.0497,94.7295
671.5000,99.9998,91.6963,93.7888,91.0497,94.7295
672.0000,99.9998,91.7238,93.8104,91.0867,94.7539
672.5000,99.9998,91.7238,93.8104,91.0867,94.7539
673.0000,99.9998,91.7551,93.8331,91.1197,94.7708
673.5000,99.9998,91.7551,93.8331,91.1197,94.7708
674.0000,99.9998,91.7551,93.8331,91.1197,94.7708
674.5000,99.9998,91.7879,93.8560,91.1505,94.7871
675.0000,99.9998,91.7879,93.8560,91.1505,94.7871
675.5000,99.9998,91.8195,93.8816,91.1780,94.8001
676.0000,99.9998,91.8195,93.8816,91.1780,94.8001
676.5000,99.9998,91.8519,93.9023,91.2196,94.8246
677.0000,99.9998,91.8519,93.9023,91.2196,94.8246
677.5000,99.9998,91.8870,93.9280,91.2544,94.8429
678.0000,99.9998,91.8870,93.9280,91.2544,94.8429
678.5000,99.9998,91.9194,93.9489,91.2822,94.8544
679.0000,99.9998,91.9194,93.9489,91.2822,94.8544
679.5000,99.9998,91.9489,93.9722,91.3061,94.8639
680.0000,99.9998,91.9489,93.9722,91.3061,94.8639
680.5000,99.9998,91.9489,93.9722,91.3061,94.8639
681.0000,99.9998,91.9773,93.9971,91.3449,94.8880
681.5000,99.9998,91.9773,93.9971,91.3449,94.8880
682.0000,99.9998,92.0073,94.0193,91.3753,94.9036
682.5000,99.9998,92.0073,94.0193,91.3753,94.9036
683.0000,99.9998,92.0347,94.0437,91.4019,94.9153
683.5000,99.9998,92.0347,94.0437,91.4019,94.9153
684.0000,99.9998,92.0670,94.0665,91.4244,94.9266
684.5000,99.9998,92.0670,94.0665,91.4244,94.9266
685.0000,99.9998,92.0999,94.0907,91.4627,94.9519
685.5000,99.9998,92.0999,94.0907,91.4627,94.9519
686.0000,99.9998,92.0999,94.0907,91.4627,94.9519
686.5000,99.9998,92.1319,94.1124,91.4964,94.9682
687.0000,99.9998,92.1319,94.1124,91.4964,94.9682
687.5000,99.9998,92.1595,94.1362,91.5237,94.9798
688.0000,99.9998,92.1595,94.1362,91.5237,94.9798
688.5000,99.9998,92.1889,94.1589,91.5456,94.9899
689.0000,99.9998,92.1889,94.1589,91.5456,94.9899
689.5000,99.9998,92.2171,94.1801,91.5821,95.0135
690.0000,99.9998,92.2171,94.1801,91.5821,95.0135
690.5000,99.9998,92.2513,94.2022,91.6122,95.0293
691.0000,99.9998,92.2513,94.2022,91.6122,95.0293
691.5000,99.9998,92.2807,94.2248,91.6401,95.0433
692.0000,99.9998,92.2807,94.2248,91.6401,95.0433
692.5000,99.9998,92.2807,94.2248,91.6401,95.0433
693.0000,99.9998,92.3105,94.2471,91.6648,95.0529
693.5000,99.9998,92.3105,94.2471,91.6648,95.0529
694.0000,99.9998,92.3409,94.2686,91.7028,95.0762
694.5000,99.9998,92.3409,94.2686,91.7028,95.0762
695.0000,99.9998,92.3733,94.2928,91.7340,95.0914
695.5000,99.9998,92.3733,94.2928,91.7340,95.0914
696.0000,99.9998,92.4039,94.3170,91.7621,95.1076
696.5000,100.0000,92.4039,94.3170,91.7621,95.1076
697.0000,100.0000,92.4323,94.3386,91.7883,95.1189
697.5000,100.0000,92.4323,94.3386,91.7883,95.1189
698.0000,100.0000,92.4602,94.3605,91.8290,95.1403
698.5000,100.0000,92.4602,94.3605,91.8290,95.1403
699.0000,100.0000,92.4602,94.3605,91.8290,95.1403
699.5000,100.0000,92.4894,94.3832,91.8617,95.1592
700.0000,100.0000,92.4894,94.3832,91.8617,95.1592
700.5000,100.0000,92.5167,94.4029,91.8893,95.1743
701.0000,100.0000,92.5167,94.4029,91.8893,95.1743
701.5000,100.0000,92.5417,94.4228,91.9126,95.1830
702.0000,100.0000,92.5417,94.4228,91.9126,95.1830
702.5000,100.0000,92.5706,94.4442,91.9517,95.2050
703.0000,100.0000,92.5706,94.4442,91.9517,95.2050
703.5000,100.0000,92.6019,94.4656,91.9818,95.2177
704.0000,100.0000,92.6019,94.4656,91.9818,95.2177
704.5000,100.0000,92.6019,94.4656,91.9818,95.2177
705.0000,100.0000,92.6285,94.4868,92.0061,95.2312
705.5000,100.0000,92.6285,94.4868,92.0061,95.2312
706.0000,100.0000,92.6562,94.5075,92.0298,95.2422
706.5000,100.0000,92.6562,94.5075,92.0298,95.2422
707.0000,100.0000,92.6831,94.5283,92.0678,95.2649
707.5000,100.0000,92.6831,94.5283,92.0678,95.2649
708.0000,100.0000,92.7101,94.5496,92.0970,95.2798
708.5000,100.0000,92.7101,94.5496,92.0970,95.2798
709.0000,100.0000,92.7410,94.5691,92.1265,95.2916
709.5000,100.0000,92.7410,94.5691,92.1265,95.2916
710.0000,100.0000,92.7664,94.5883,92.1486,95.3043
710.5000,100.0000,92.7664,94.5883,92.1486,95.3043
711.0000,100.0000,92.7664,94.5883,92.1486,95.3043
711.5000,100.0000,92.7908,94.6090,92.1827,95.3279
712.0000,100.0000,92.7908,94.6090,92.1827,95.3279
712.5000,100.0000,92.8181,94.6253,92.2139,95.3414
713.0000,100.0000,92.8181,94.6253,92.2139,95.3414
713.5000,100.0000,92.8418,94.6461,92.2380,95.3546
714.0000,100.0000,92.8418,94.6461,92.2380,95.3546
714.5000,100.0000,92.8694,94.6667,92.2624,95.3634
715.0000,100.0000,92.8694,94.6667,92.2624,95.3634
715.5000,100.0000,92.8941,94.6849,92.2980,95.3833
716.0000,100.0000,92.8941,94.6849,92.2980,95.3833
716.5000,100.0000,92.8941,94.6849,92.2980,95.3833
717.0000,100.0000,92.9203,94.7050,92.3253,95.4016
717.5000,100.0000,92.9203,94.7050,92.3253,95.4016
718.0000,100.0000,92.9511,94.7245,92.3485,95.4151
718.5000,100.0000,92.9511,94.7245,92.3485,95.4151
719.0000,100.0000,92.9775,94.7428,92.3701,95.4262
719.5000,100.0000,92.9775,94.7428,92.3701,95.4262
720.0000,100.0000,93.0017,94.7617,92.4071,95.4482
720.5000,100.0000,93.0017,94.7617,92.4071,95.4482
721.0000,100.0000,93.0278,94.7831,92.4384,95.4609
721.5000,100.0000,93.0278,94.7831,92.4384,95.4609
722.0000,100.0000,93.0535,94.8008,92.4626,95.4721
722.5000,100.0000,93.0535,94.8008,92.4626,95.4721
723.0000,100.0000,93.0535,94.8008,92.4626,95.4721
723.5000,100.0000,93.0817,94.8204,92.4857,95.4817
724.0000,100.0000,93.0817,94.8204,92.4857,95.4817
724.5000,100.0000,93.1059,94.8397,92.5235,95.5042
725.0000,100.0000,93.1059,94.8397,92.5235,95.5042
725.5000,100.0000,93.1320,94.8593,92.5523,95.5182
726.0000,100.0000,93.1320,94.8593,92.5523,95.5182
726.5000,100.0000,93.1579,94.8767,92.5777,95.5285
727.0000,100.0000,93.1579,94.8767,92.5777,95.5285
727.5000,100.0000,93.1836,94.8955,92.5949,95.5370
728.0000,100.0000,93.1836,94.8955,92.5949,95.5370
728.5000,100.0000,93.2063,94.9125,92.6265,95.5578
729.0000,100.0000,93.2063,94.9125,92.6265,95.5578
729.5000,100.0000,93.2063,94.9125,92.6265,95.5578
730.0000,100.0000,93.2333,94.9293,92.6558,95.5700
730.5000,100.0000,93.2333,94.9293,92.6558,95.5700
731.0000,100.0000,93.2577,94.9470,92.6775,95.5818
731.5000,100.0000,93.2577,94.9470,92.6775,95.5818
732.0000,100.0000,93.2811,94.9653,92.6968,95.5913
732.5000,100.0000,93.2811,94.9653,92.6968,95.5913
733.0000,100.0000,93.3059,94.9805,92.7280,95.6134
733.5000,100.0000,93.3059,94.9805,92.7280,95.6134
734.0000,100.0000,93.3329,95.0001,92.7516,95.6308
734.5000,100.0000,93.3329,95.0001,92.7516,95.6308
735.0000,100.0000,93.3329,95.0001,92.7516,95.6308
735.5000,100.0000,93.3558,95.0190,92.7733,95.6413
736.0000,100.0000,93.3558,95.0190,92.7733,95.6413
736.5000,100.0000,93.3809,95.0335,92.7920,95.6488
737.0000,100.0000,93.3809,95.0335,92.7920,95.6488
737.5000,100.0000,93.4082,95.0523,92.8267,95.6666
738.0000,100.0000,93.4082,95.0523,92.8267,95.6666
738.5000,100.0000,93.4334,95.0680,92.8496,95.6816
739.0000,100.0000,93.4334,95.0680,92.8496,95.6816
739.5000,100.0000,93.4599,95.0840,92.8749,95.6932
740.0000,100.0000,93.4599,95.0840,92.8749,95.6932
740.5000,100.0000,93.4858,95.1015,92.8951,95.7027
741.0000,100.0000,93.4858,95.1015,92.8951,95.7027
741.5000,100.0000,93.4858,95.1015,92.8951,95.7027
742.0000,100.0000,93.5134,95.1203,92.9263,95.7231
742.5000,100.0000,93.5134,95.1203,92.9263,95.7231
743.0000,100.0000,93.5375,95.1358,92.9547,95.7361
743.5000,100.0000,93.5375,95.1358,92.9547,95.7361
744.0000,100.0000,93.5616,95.1526,92.9791,95.7450
744.5000,100.0000,93.5616,95.1526,92.9791,95.7450
745.0000,100.0000,93.5864,95.1681,92.9978,95.7534
745.5000,100.0000,93.5864,95.1681,92.9978,95.7534
746.0000,100.0000,93.6133,95.1853,93.0343,95.7700
746.5000,100.0000,93.6133,95.1853,93.0343,95.7700
747.0000,100.0000,93.6133,95.1853,93.0343,95.7700
747.5000,100.0000,93.6395,95.2035,93.0610,95.7839
748.0000,100.0000,93.6395,95.2035,93.0610,95.7839
748.5000,100.0000,93.6645,95.2234,93.0835,95.7959
749.0000,100.0000,93.6645,95.2234,93.0835,95.7959
749.5000,100.0000,93.6882,95.2433,93.1061,95.8065
750.0000,100.0000,93.6882,95.2433,93.1061,95.8065
750.5000,100.0000,93.7165,95.2626,93.1364,95.8282
751.0000,100.0000,93.7165,95.2626,93.1364,95.8282
751.5000,100.0000,93.7452,95.2834,93.1612,95.8414
752.0000,100.0000,93.7452,95.2834,93.1612,95.8414
752.5000,100.0000,93.7723,95.2996,93.1835,95.8520
753.0000,100.0000,93.7723,95.2996,93.1835,95.8520
753.5000,100.0000,93.7723,95.2996,93.1835,95.8520
754.0000,100.0000,93.7980,95.3198,93.2063,95.8631
754.5000,100.0000,93.7980,95.3198,93.2063,95.8631
755.0000,100.0000,93.8229,95.3360,93.2383,95.8804
755.5000,100.0000,93.8229,95.3360,93.2383,95.8804
756.0000,100.0000,93.8470,95.3534,93.2619,95.8960
756.5000,100.0000,93.8470,95.3534,93.2619,95.8960
757.0000,100.0000,93.8748,95.3709,93.2824,95.9090
757.5000,100.0000,93.8748,95.3709,93.2824,95.9090
758.0000,100.0000,93.8973,95.3899,93.3034,95.9165
758.5000,100.0000,93.8973,95.3899,93.3034,95.9165
759.0000,100.0000,93.9220,95.4087,93.3323,95.9374
759.5000,100.0000,93.9220,95.4087,93.3323,95.9374
760.0000,100.0000,93.9220,95.4087,93.3323,95.9374
760.5000,100.0000,93.9476,95.4245,93.3597,95.9534
761.0000,100.0000,93.9476,95.4245,93.3597,95.9534
761.5000,100.0000,93.9723,95.4428,93.3846,95.9650
762.0000,100.0000,93.9723,95.4428,93.3846,95.9650
762.5000,100.0000,93.9943,95.4591,93.4043,95.9748
763.0000,100.0000,93.9943,95.4591,93.4043,95.9748
763.5000,100.0000,94.0201,95.4780,93.4381,95.9936
764.0000,100.0000,94.0201,95.4780,93.4381,95.9936
764.5000,100.0000,94.0411,95.4955,93.4626,96.0060
765.0000,100.0000,94.0411,95.4955,93.4626,96.0060
765.5000,100.0000,94.0411,95.4955,93.4626,96.0060
766.0000,100.0000,94.0657,95.5119,93.4834,96.0172
766.5000,100.0000,94.0657,95.5119,93.4834,96.0172
767.0000,100.0000,94.0917,95.5290,93.5023,96.0241
767.5000,100.0000,94.0917,95.5290,93.5023,96.0241
768.0000,100.0000,94.1163,95.5434,93.5353,96.0429
768.5000,100.0000,94.1163,95.5434,93.5353,96.0429
769.0000,100.0000,94.1410,95.5605,93.5639,96.0555
769.5000,100.0000,94.1410,95.5605,93.5639,96.0555
770.0000,100.0000,94.1633,95.5737,93.5855,96.0689
770.5000,100.0000,94.1633,95.5737,93.5855,96.0689
771.0000,100.0000,94.1898,95.5912,93.6042,96.0785
771.5000,100.0000,94.1898,95.5912,93.6042,96.0785
772.0000,100.0000,94.1898,95.5912,93.6042,96.0785
772.5000,100.0000,94.2101,95.6074,93.6347,96.0965
773.0000,100.0000,94.2101,95.6074,93.6347,96.0965
773.5000,100.0000,94.2330,95.6240,93.6629,96.1066
774.0000,100.0000,94.2330,95.6240,93.6629,96.1066
774.5000,100.0000,94.2549,95.6411,93.6851,96.1148
775.0000,100.0000,94.2549,95.6411,93.6851,96.1148
775.5000,100.0000,94.2753,95.6569,93.7077,96.1242
776.0000,100.0000,94.2753,95.6569,93.7077,96.1242
776.5000,100.0000,94.2999,95.6730,93.7364,96.1443
777.0000,100.0000,94.2999,95.6730,93.7364,96.1443
777.5000,100.0000,94.2999,95.6730,93.7364,96.1443
778.0000,100.0000,94.3250,95.6892,93.7598,96.1565
778.5000,100.0000,94.3250,95.6892,93.7598,96.1565
779.0000,100.0000,94.3473,95.7067,93.7815,96.1661
779.5000,100.0000,94.3473,95.7067,93.7815,96.1661
780.0000,100.0000,94.3706,95.7230,93.8026,96.1731
780.5000,100.0000,94.3706,95.7230,93.8026,96.1731
781.0000,100.0000,94.3932,95.7382,93.8352,96.1919
781.5000,100.0000,94.3932,95.7382,93.8352,96.1919
782.0000,100.0000,94.4165,95.7544,93.8617,96.2052
782.5000,100.0000,94.4165,95.7544,93.8617,96.2052
783.0000,100.0000,94.4412,95.7702,93.8876,96.2154
783.5000,100.0000,94.4412,95.7702,93.8876,96.2154
784.0000,100.0000,94.4412,95.7702,93.8876,96.2154
784.5000,100.0000,94.4666,95.7864,93.9053,96.2233
785.0000,100.0000,94.4666,95.7864,93.9053,96.2233
785.5000,100.0000,94.4928,95.8016,93.9354,96.2412
786.0000,100.0000,94.4928,95.8016,93.9354,96.2412
786.5000,100.0000,94.5201,95.8168,93.9594,96.2525
787.0000,100.0000,94.5201,95.8168,93.9594,96.2525
787.5000,100.0000,94.5452,95.8327,93.9827,96.2635
788.0000,100.0000,94.5452,95.8327,93.9827,96.2635
788.5000,100.0000,94.5708,95.8500,94.0003,96.2721
789.0000,100.0000,94.5708,95.8500,94.0003,96.2721
789.5000,100.0000,94.5932,95.8661,94.0311,96.2881
790.0000,100.0000,94.5932,95.8661,94.0311,96.2881
790.5000,100.0000,94.5932,95.8661,94.0311,96.2881
791.0000,100.0000,94.6150,95.8834,94.0574,96.3000
791.5000,100.0000,94.6150,95.8834,94.0574,96.3000
792.0000,100.0000,94.6413,95.8990,94.0805,96.3095
792.5000,100.0000,94.6413,95.8990,94.0805,96.3095
793.0000,100.0000,94.6622,95.9155,94.1009,96.3177
793.5000,100.0000,94.6622,95.9155,94.1009,96.3177
794.0000,100.0000,94.6831,95.9306,94.1322,96.3359
794.5000,100.0000,94.6831,95.9306,94.1322,96.3359
795.0000,100.0000,94.7085,95.9450,94.1576,96.3479
795.5000,100.0000,94.7085,95.9450,94.1576,96.3479
796.0000,100.0000,94.7085,95.9450,94.1576,96.3479
796.5000,100.0000,94.7333,95.9623,94.1805,96.3586
797.0000,100.0000,94.7333,95.9623,94.1805,96.3586
797.5000,100.0000,94.7530,95.9806,94.1976,96.3648
798.0000,100.0000,94.7530,95.9806,94.1976,96.3648
798.5000,100.0000,94.7775,95.9991,94.2289,96.3831
799.0000,100.0000,94.7775,95.9991,94.2289,96.3831
799.5000,100.0000,94.7991,96.0151,94.2536,96.3944
800.0000,100.0000,94.7991,96.0151,94.2536,96.3944
800.5000,100.0000,94.8244,96.0325,94.2767,96.4033
801.0000,100.0000,94.8244,96.0325,94.2767,96.4033
801.5000,100.0000,94.8467,96.0494,94.2944,96.4110
802.0000,100.0000,94.8467,96.0494,94.2944,96.4110
802.5000,100.0000,94.8467,96.0494,94.2944,96.4110
803.0000,100.0000,94.8679,96.0616,94.3265,96.4250
803.5000,100.0000,94.8679,96.0616,94.3265,96.4250
804.0000,100.0000,94.8916,96.0774,94.3506,96.4391
804.5000,100.0000,94.8916,96.0774,94.3506,96.4391
805.0000,100.0000,94.9137,96.0923,94.3705,96.4484
805.5000,100.0000,94.9137,96.0923,94.3705,96.4484
806.0000,100.0000,94.9370,96.1077,94.3869,96.4576
806.5000,100.0000,94.9370,96.1077,94.3869,96.4576
807.0000,100.0000,94.9604,96.1215,94.4156,96.4737
807.5000,100.0000,94.9604,96.1215,94.4156,96.4737
808.0000,100.0000,94.9604,96.1215,94.4156,96.4737
808.5000,100.0000,94.9785,96.1392,94.4414,96.4876
809.0000,100.0000,94.9785,96.1392,94.4414,96.4876
809.5000,100.0000,95.0028,96.1565,94.4619,96.4974
810.0000,100.0000,95.0028,96.1565,94.4619,96.4974
810.5000,100.0000,95.0272,96.1721,94.4800,96.5054
811.0000,100.0000,95.0272,96.1721,94.4800,96.5054
811.5000,100.0000,95.0538,96.1873,94.5088,96.5211
812.0000,100.0000,95.0538,96.1873,94.5088,96.5211
812.5000,100.0000,95.0734,96.2019,94.5339,96.5331
813.0000,100.0000,95.0734,96.2019,94.5339,96.5331
813.5000,100.0000,95.0949,96.2191,94.5555,96.5436
814.0000,100.0000,95.0949,96.2191,94.5555,96.5436
814.5000,100.0000,95.0949,96.2191,94.5555,96.5436
815.0000,100.0000,95.1182,96.2368,94.5712,96.5519
815.5000,100.0000,95.1182,96.2368,94.5712,96.5519
816.0000,100.0000,95.1382,96.2531,94.6012,96.5691
816.5000,100.0000,95.1382,96.2531,94.6012,96.5691
817.0000,100.0000,95.1619,96.2705,94.6268,96.5840
817.5000,100.0000,95.1619,96.2705,94.6268,96.5840
818.0000,100.0000,95.1861,96.2844,94.6495,96.5952
818.5000,100.0000,95.1861,96.2844,94.6495,96.5952
819.0000,100.0000,95.2083,96.3014,94.6639,96.6040
819.5000,100.0000,95.2083,96.3014,94.6639,96.6040
820.0000,100.0000,95.2285,96.3161,94.6940,96.6199
820.5000,100.0000,95.2285,96.3161,94.6940,96.6199
821.0000,100.0000,95.2285,96.3161,94.6940,96.6199
821.5000,100.0000,95.2504,96.3318,94.7182,96.6334
822.0000,100.0000,95.2504,96.3318,94.7182,96.6334
822.5000,100.0000,95.2746,96.3479,94.7398,96.6435
823.0000,100.0000,95.2746,96.3479,94.7398,96.6435
823.5000,100.0000,95.2948,96.3616,94.7547,96.6510
824.0000,100.0000,95.2948,96.3616,94.7547,96.6510
824.5000,100.0000,95.3155,96.3749,94.7876,96.6683
825.0000,100.0000,95.3155,96.3749,94.7876,96.6683
825.5000,100.0000,95.3380,96.3905,94.8081,96.6800
826.0000,100.0000,95.3380,96.3905,94.8081,96.6800
826.5000,100.0000,95.3380,96.3905,94.8081,96.6800
827.0000,100.0000,95.3587,96.4034,94.8329,96.6890
827.5000,100.0000,95.3587,96.4034,94.8329,96.6890
828.0000,100.0000,95.3819,96.4174,94.8496,96.6955
828.5000,100.0000,95.3819,96.4174,94.8496,96.6955
829.0000,100.0000,95.4022,96.4302,94.8804,96.7107
829.5000,100.0000,95.4022,96.4302,94.8804,96.7107
830.0000,100.0000,95.4234,96.4485,94.9043,96.7222
830.5000,100.0000,95.4234,96.4485,94.9043,96.7222
831.0000,100.0000,95.4450,96.4622,94.9239,96.7311
831.5000,100.0000,95.4450,96.4622,94.9239,96.7311
832.0000,100.0000,95.4645,96.4788,94.9416,96.7392
832.5000,100.0000,95.4645,96.4788,94.9416,96.7392
833.0000,100.0000,95.4645,96.4788,94.9416,96.7392
833.5000,100.0000,95.4868,96.4932,94.9687,96.7544
834.0000,100.0000,95.4868,96.4932,94.9687,96.7544
834.5000,100.0000,95.5104,96.5106,94.9906,96.7649
835.0000,100.0000,95.5104,96.5106,94.9906,96.7649
835.5000,100.0000,95.5349,96.5238,95.0103,96.7784
836.0000,100.0000,95.5349,96.5238,95.0103,96.7784
836.5000,100.0000,95.5533,96.5370,95.0285,96.7853
837.0000,100.0000,95.5533,96.5370,95.0285,96.7853
837.5000,100.0000,95.5722,96.5518,95.0586,96.8028
838.0000,100.0000,95.5722,96.5518,95.0586,96.8028
838.5000,100.0000,95.5936,96.5646,95.0794,96.8141
839.0000,100.0000,95.5936,96.5646,95.0794,96.8141
839.5000,100.0000,95.5936,96.5646,95.0794,96.8141
840.0000,100.0000,95.6145,96.5797,95.0973,96.8233
840.5000,100.0000,95.6145,96.5797,95.0973,96.8233
841.0000,100.0000,95.6373,96.5944,95.1125,96.8309
841.5000,100.0000,95.6373,96.5944,95.1125,96.8309
842.0000,100.0000,95.6560,96.6092,95.1397,96.8469
842.5000,100.0000,95.6560,96.6092,95.1397,96.8469
843.0000,100.0000,95.6813,96.6240,95.1622,96.8589
843.5000,100.0000,95.6813,96.6240,95.1622,96.8589
844.0000,100.0000,95.7027,96.6378,95.1849,96.8680
844.5000,100.0000,95.7027,96.6378,95.1849,96.8680
845.0000,100.0000,95.7027,96.6378,95.1849,96.8680
845.5000,100.0000,95.7228,96.6531,95.2036,96.8763
846.0000,100.0000,95.7228,96.6531,95.2036,96.8763
846.5000,100.0000,95.7445,96.6655,95.2290,96.8936
847.0000,100.0000,95.7445,96.6655,95.2290,96.8936
847.5000,100.0000,95.7643,96.6777,95.2529,96.9051
848.0000,100.0000,95.7643,96.6777,95.2529,96.9051
848.5000,100.0000,95.7843,96.6920,95.2717,96.9158
849.0000,100.0000,95.7843,96.6920,95.2717,96.9158
849.5000,100.0000,95.8054,96.7048,95.2891,96.9225
850.0000,100.0000,95.8054,96.7048,95.2891,96.9225
850.5000,100.0000,95.8265,96.7180,95.3180,96.9435
851.0000,100.0000,95.8265,96.7180,95.3180,96.9435
851.5000,100.0000,95.8265,96.7180,95.3180,96.9435
852.0000,100.0000,95.8496,96.7328,95.3395,96.9579
852.5000,100.0000,95.8496,96.7328,95.3395,96.9579
853.0000,100.0000,95.8680,96.7467,95.3593,96.9670
853.5000,100.0000,95.8680,96.7467,95.3593,96.9670
854.0000,100.0000,95.8851,96.7577,95.3740,96.9765
854.5000,100.0000,95.8851,96.7577,95.3740,96.9765
855.0000,100.0000,95.9014,96.7715,95.4008,96.9905
855.5000,100.0000,95.9014,96.7715,95.4008,96.9905
856.0000,100.0000,95.9191,96.7840,95.4255,97.0035
856.5000,100.0000,95.9191,96.7840,95.4255,97.0035
857.0000,100.0000,95.9191,96.7840,95.4255,97.0035
857.5000,100.0000,95.9342,96.7956,95.4451,97.0130
858.0000,100.0000,95.9342,96.7956,95.4451,97.0130
858.5000,100.0000,95.9503,96.8080,95.4623,97.0210
859.0000,100.0000,95.9503,96.8080,95.4623,97.0210
859.5000,100.0000,95.9662,96.8212,95.4900,97.0386
860.0000,100.0000,95.9662,96.8212,95.4900,97.0386
860.5000,100.0000,95.9823,96.8311,95.5121,97.0504
861.0000,100.0000,95.9823,96.8311,95.5121,97.0504
861.5000,100.0000,96.0022,96.8440,95.5295,97.0595
862.0000,100.0000,96.0022,96.8440,95.5295,97.0595
862.5000,100.0000,96.0211,96.8554,95.5415,97.0659
863.0000,100.0000,96.0211,96.8554,95.5415,97.0659
863.5000,100.0000,96.0211,96.8554,95.5415,97.0659
864.0000,100.0000,96.0432,96.8702,95.5639,97.0825
864.5000,100.0000,96.0432,96.8702,95.5639,97.0825
865.0000,100.0000,96.0598,96.8842,95.5851,97.0934
865.5000,100.0000,96.0598,96.8842,95.5851,97.0934
866.0000,100.0000,96.0815,96.8977,95.6065,97.1039
866.5000,100.0000,96.0815,96.8977,95.6065,97.1039
867.0000,100.0000,96.1008,96.9128,95.6217,97.1137
867.5000,100.0000,96.1008,96.9128,95.6217,97.1137
868.0000,100.0000,96.1193,96.9264,95.6453,97.1311
868.5000,100.0000,96.1193,96.9264,95.6453,97.1311
869.0000,100.0000,96.1392,96.9367,95.6648,97.1399
869.5000,100.0000,96.1392,96.9367,95.6648,97.1399
870.0000,100.0000,96.1392,96.9367,95.6648,97.1399
870.5000,100.0000,96.1568,96.9475,95.6819,97.1495
871.0000,100.0000,96.1568,96.9475,95.6819,97.1495
871.5000,100.0000,96.1747,96.9600,95.6992,97.1576
872.0000,100.0000,96.1747,96.9600,95.6992,97.1576
872.5000,100.0000,96.1929,96.9725,95.7267,97.1723
873.0000,100.0000,96.1929,96.9725,95.7267,97.1723
873.5000,100.0000,96.2113,96.9864,95.7442,97.1813
874.0000,100.0000,96.2113,96.9864,95.7442,97.1813
874.5000,100.0000,96.2307,96.9983,95.7628,97.1894
875.0000,100.0000,96.2307,96.9983,95.7628,97.1894
875.5000,100.0000,96.2307,96.9983,95.7628,97.1894
876.0000,100.0000,96.2475,97.0099,95.7777,97.1956
876.5000,100.0000,96.2475,97.0099,95.7777,97.1956
877.0000,100.0000,96.2655,97.0220,95.8035,97.2122
877.5000,100.0000,96.2655,97.0220,95.8035,97.2122
878.0000,100.0000,96.2840,97.0369,95.8221,97.2248
878.5000,100.0000,96.2840,97.0369,95.8221,97.2248
879.0000,100.0000,96.3003,97.0490,95.8417,97.2343
879.5000,100.0000,96.3003,97.0490,95.8417,97.2343
880.0000,100.0000,96.3211,97.0638,95.8578,97.2411
880.5000,100.0000,96.3211,97.0638,95.8578,97.2411
881.0000,100.0000,96.3377,97.0749,95.8825,97.2582
881.5000,100.0000,96.3377,97.0749,95.8825,97.2582
882.0000,100.0000,96.3377,97.0749,95.8825,97.2582
882.5000,100.0000,96.3560,97.0864,95.9035,97.2680
883.0000,100.0000,96.3560,97.0864,95.9035,97.2680
883.5000,100.0000,96.3738,97.0967,95.9222,97.2790
884.0000,100.0000,96.3738,97.0967,95.9222,97.2790
884.5000,100.0000,96.3957,97.1082,95.9399,97.2843
885.0000,100.0000,96.3957,97.1082,95.9399,97.2843
885.5000,100.0000,96.4150,97.1183,95.9659,97.2994
886.0000,100.0000,96.4150,97.1183,95.9659,97.2994
886.5000,100.0000,96.4307,97.1309,95.9846,97.3088
887.0000,100.0000,96.4307,97.1309,95.9846,97.3088
887.5000,100.0000,96.4307,97.1309,95.9846,97.3088
888.0000,100.0000,96.4487,97.1417,96.0009,97.3159
888.5000,100.0000,96.4487,97.1417,96.0009,97.3159
889.0000,100.0000,96.4690,97.1570,96.0163,97.3231
889.5000,100.0000,96.4690,97.1570,96.0163,97.3231
890.0000,100.0000,96.4866,97.1695,96.0410,97.3381
890.5000,100.0000,96.4866,97.1695,96.0410,97.3381
891.0000,100.0000,96.5067,97.1810,96.0612,97.3470
891.5000,100.0000,96.5067,97.1810,96.0612,97.3470
892.0000,100.0000,96.5251,97.1937,96.0778,97.3577
892.5000,100.0000,96.5251,97.1937,96.0778,97.3577
893.0000,100.0000,96.5438,97.2082,96.0922,97.3641
893.5000,100.0000,96.5438,97.2082,96.0922,97.3641
894.0000,100.0000,96.5438,97.2082,96.0922,97.3641
894.5000,100.0000,96.5608,97.2215,96.1160,97.3783
895.0000,100.0000,96.5608,97.2215,96.1160,97.3783
895.5000,100.0000,96.5810,97.2340,96.1366,97.3895
896.0000,100.0000,96.5810,97.2340,96.1366,97.3895
896.5000,100.0000,96.6005,97.2449,96.1567,97.3970
897.0000,100.0000,96.6005,97.2449,96.1567,97.3970
897.5000,100.0000,96.6198,97.2597,96.1697,97.4049
898.0000,100.0000,96.6198,97.2597,96.1697,97.4049
898.5000,100.0000,96.6382,97.2722,96.1948,97.4209
899.0000,100.0000,96.6382,97.2722,96.1948,97.4209
899.5000,100.0000,96.6571,97.2848,96.2152,97.4370
900.0000,100.0000,96.6571,97.2848,96.2152,97.4370
900.5000,100.0000,96.6571,97.2848,96.2152,97.4370
901.0000,100.0000,96.6746,97.2967,96.2330,97.4491
901.5000,100.0000,96.6746,97.2967,96.2330,97.4491
902.0000,100.0000,96.6953,97.3104,96.2465,97.4546
902.5000,100.0000,96.6953,97.3104,96.2465,97.4546
903.0000,100.0000,96.7124,97.3216,96.2716,97.4699
903.5000,100.0000,96.7124,97.3216,96.2716,97.4699
904.0000,100.0000,96.7316,97.3330,96.2888,97.4801
904.5000,100.0000,96.7316,97.3330,96.2888,97.4801
905.0000,100.0000,96.7497,97.3484,96.3071,97.4901
905.5000,100.0000,96.7497,97.3484,96.3071,97.4901
906.0000,100.0000,96.7497,97.3484,96.3071,97.4901
906.5000,100.0000,96.7674,97.3610,96.3216,97.4957
907.0000,100.0000,96.7674,97.3610,96.3216,97.4957
907.5000,100.0000,96.7842,97.3737,96.3451,97.5149
908.0000,100.0000,96.7842,97.3737,96.3451,97.5149
908.5000,100.0000,96.8030,97.3856,96.3655,97.5261
909.0000,100.0000,96.8030,97.3856,96.3655,97.5261
909.5000,100.0000,96.8185,97.3981,96.3835,97.5343
910.0000,100.0000,96.8185,97.3981,96.3835,97.5343
910.5000,100.0000,96.8340,97.4108,96.3965,97.5411
911.0000,100.0000,96.8340,97.4108,96.3965,97.5411
911.5000,100.0000,96.8497,97.4224,96.4198,97.5551
912.0000,100.0000,96.8497,97.4224,96.4198,97.5551
912.5000,100.0000,96.8497,97.4224,96.4198,97.5551
913.0000,100.0000,96.8653,97.4339,96.4402,97.5667
913.5000,100.0000,96.8653,97.4339,96.4402,97.5667
914.0000,100.0000,96.8832,97.4473,96.4577,97.5796
914.5000,100.0000,96.8832,97.4473,96.4577,97.5796
915.0000,100.0000,96.9001,97.4598,96.4724,97.5886
915.5000,100.0000,96.9001,97.4598,96.4724,97.5886
916.0000,100.0000,96.9157,97.4729,96.4946,97.6024
916.5000,100.0000,96.9157,97.4729,96.4946,97.6024
917.0000,100.0000,96.9321,97.4837,96.5145,97.6147
917.5000,100.0000,96.9321,97.4837,96.5145,97.6147
918.0000,100.0000,96.9321,97.4837,96.5145,97.6147
918.5000,100.0000,96.9472,97.4936,96.5299,97.6242
919.0000,100.0000,96.9472,97.4936,96.5299,97.6242
919.5000,100.0000,96.9644,97.5031,96.5440,97.6290
920.0000,100.0000,96.9644,97.5031,96.5440,97.6290
920.5000,100.0000,96.9824,97.5179,96.5653,97.6439
921.0000,100.0000,96.9824,97.5179,96.5653,97.6439
921.5000,100.0000,96.9990,97.5292,96.5843,97.6561
922.0000,100.0000,96.9990,97.5292,96.5843,97.6561
922.5000,100.0000,97.0133,97.5390,96.6016,97.6663
923.0000,100.0000,97.0133,97.5390,96.6016,97.6663
923.5000,100.0000,97.0324,97.5515,96.6158,97.6734
924.0000,100.0000,97.0324,97.5515,96.6158,97.6734
924.5000,100.0000,97.0324,97.5515,96.6158,97.6734
925.0000,100.0000,97.0476,97.5617,96.6404,97.6882
925.5000,100.0000,97.0476,97.5617,96.6404,97.6882
926.0000,100.0000,97.0663,97.5733,96.6573,97.6966
926.5000,100.0000,97.0663,97.5733,96.6573,97.6966
927.0000,100.0000,97.0882,97.5839,96.6747,97.7047
927.5000,100.0000,97.0882,97.5839,96.6747,97.7047
928.0000,100.0000,97.1057,97.5959,96.6863,97.7125
928.5000,100.0000,97.1057,97.5959,96.6863,97.7125
929.0000,100.0000,97.1226,97.6063,96.7087,97.7265
929.5000,100.0000,97.1226,97.6063,96.7087,97.7265
930.0000,100.0000,97.1415,97.6182,96.7248,97.7376
930.5000,100.0000,97.1415,97.6182,96.7248,97.7376
931.0000,100.0000,97.1415,97.6182,96.7248,97.7376
931.5000,100.0000,97.1579,97.6295,96.7423,97.7467
932.0000,100.0000,97.1579,97.6295,96.7423,97.7467
932.5000,100.0000,97.1769,97.6424,96.7572,97.7533
933.0000,100.0000,97.1769,97.6424,96.7572,97.7533
933.5000,100.0000,97.1927,97.6557,96.7809,97.7660
934.0000,100.0000,97.1927,97.6557,96.7809,97.7660
934.5000,100.0000,97.2075,97.6665,96.7999,97.7773
935.0000,100.0000,97.2075,97.6665,96.7999,97.7773
935.5000,100.0000,97.2242,97.6781,96.8183,97.7843
936.0000,100.0000,97.2242,97.6781,96.8183,97.7843
936.5000,100.0000,97.2242,97.6781,96.8183,97.7843
937.0000,100.0000,97.2405,97.6897,96.8333,97.7914
937.5000,100.0000,97.2405,97.6897,96.8333,97.7914
938.0000,100.0000,97.2578,97.7027,96.8569,97.8066
938.5000,100.0000,97.2578,97.7027,96.8569,97.8066
939.0000,100.0000,97.2743,97.7134,96.8748,97.8166
939.5000,100.0000,97.2743,97.7134,96.8748,97.8166
940.0000,100.0000,97.2896,97.7246,96.8903,97.8246
940.5000,100.0000,97.2896,97.7246,96.8903,97.8246
941.0000,100.0000,97.3048,97.7347,96.9033,97.8305
941.5000,100.0000,97.3048,97.7347,96.9033,97.8305
942.0000,100.0000,97.3208,97.7468,96.9255,97.8447
942.5000,100.0000,97.3208,97.7468,96.9255,97.8447
943.0000,100.0000,97.3208,97.7468,96.9255,97.8447
943.5000,100.0000,97.3380,97.7605,96.9423,97.8549
944.0000,100.0000,97.3380,97.7605,96.9423,97.8549
944.5000,100.0000,97.3560,97.7732,96.9552,97.8614
945.0000,100.0000,97.3560,97.7732,96.9552,97.8614
945.5000,100.0000,97.3742,97.7842,96.9681,97.8659
946.0000,100.0000,97.3742,97.7842,96.9681,97.8659
946.5000,100.0000,97.3925,97.7977,96.9890,97.8791
947.0000,100.0000,97.3925,97.7977,96.9890,97.8791
947.5000,100.0000,97.4082,97.8099,97.0073,97.8890
948.0000,100.0000,97.4082,97.8099,97.0073,97.8890
948.5000,100.0000,97.4224,97.8195,97.0240,97.8997
949.0000,100.0000,97.4224,97.8195,97.0240,97.8997
949.5000,100.0000,97.4224,97.8195,97.0240,97.8997
950.0000,100.0000,97.4367,97.8272,97.0384,97.9047
950.5000,100.0000,97.4367,97.8272,97.0384,97.9047
951.0000,100.0000,97.4519,97.8376,97.0589,97.9168
951.5000,100.0000,97.4519,97.8376,97.0589,97.9168
952.0000,100.0000,97.4705,97.8521,97.0775,97.9270
952.5000,100.0000,97.4705,97.8521,97.0775,97.9270
953.0000,100.0000,97.4865,97.8642,97.0934,97.9351
953.5000,100.0000,97.4865,97.8642,97.0934,97.9351
954.0000,100.0000,97.5023,97.8780,97.1072,97.9407
954.5000,100.0000,97.5023,97.8780,97.1072,97.9407
955.0000,100.0000,97.5023,97.8780,97.1072,97.9407
955.5000,100.0000,97.5195,97.8907,97.1310,97.9553
956.0000,100.0000,97.5195,97.8907,97.1310,97.9553
956.5000,100.0000,97.5367,97.9036,97.1474,97.9656
957.0000,100.0000,97.5367,97.9036,97.1474,97.9656
957.5000,100.0000,97.5550,97.9136,97.1634,97.9749
958.0000,100.0000,97.5550,97.9136,97.1634,97.9749
958.5000,100.0000,97.5757,97.9238,97.1774,97.9806
959.0000,100.0000,97.5757,97.9238,97.1774,97.9806
959.5000,100.0000,97.5900,97.9364,97.2035,97.9951
960.0000,100.0000,97.5900,97.9364,97.2035,97.9951
960.5000,100.0000,97.6063,97.9479,97.2195,98.0022
961.0000,100.0000,97.6063,97.9479,97.2195,98.0022
961.5000,100.0000,97.6063,97.9479,97.2195,98.0022
962.0000,100.0000,97.6233,97.9583,97.2366,98.0120
962.5000,100.0000,97.6233,97.9583,97.2366,98.0120
963.0000,100.0000,97.6376,97.9667,97.2498,98.0176
963.5000,100.0000,97.6376,97.9667,97.2498,98.0176
964.0000,100.0000,97.6538,97.9771,97.2724,98.0344
964.5000,100.0000,97.6538,97.9771,97.2724,98.0344
965.0000,100.0000,97.6679,97.9870,97.2890,98.0451
965.5000,100.0000,97.6679,97.9870,97.2890,98.0451
966.0000,100.0000,97.6845,97.9992,97.3036,98.0521
966.5000,100.0000,97.6845,97.9992,97.3036,98.0521
967.0000,100.0000,97.6845,97.9992,97.3036,98.0521
967.5000,100.0000,97.6985,98.0094,97.3144,98.0569
968.0000,100.0000,97.6985,98.0094,97.3144,98.0569
968.5000,100.0000,97.7136,98.0190,97.3347,98.0687
969.0000,100.0000,97.7136,98.0190,97.3347,98.0687
969.5000,100.0000,97.7322,98.0286,97.3498,98.0791
970.0000,100.0000,97.7322,98.0286,97.3498,98.0791
970.5000,100.0000,97.7473,98.0412,97.3642,98.0850
971.0000,100.0000,97.7473,98.0412,97.3642,98.0850
971.5000,100.0000,97.7636,98.0513,97.3773,98.0916
972.0000,100.0000,97.7636,98.0513,97.3773,98.0916
972.5000,100.0000,97.7802,98.0640,97.4009,98.1060
973.0000,100.0000,97.7802,98.0640,97.4009,98.1060
973.5000,100.0000,97.7802,98.0640,97.4009,98.1060
974.0000,100.0000,97.7961,98.0741,97.4169,98.1148
974.5000,100.0000,97.7961,98.0741,97.4169,98.1148
975.0000,100.0000,97.8133,98.0829,97.4324,98.1229
975.5000,100.0000,97.8133,98.0829,97.4324,98.1229
976.0000,100.0000,97.8294,98.0913,97.4440,98.1271
976.5000,100.0000,97.8294,98.0913,97.4440,98.1271
977.0000,100.0000,97.8451,98.1014,97.4623,98.1393
977.5000,100.0000,97.8451,98.1014,97.4623,98.1393
978.0000,100.0000,97.8618,98.1109,97.4802,98.1483
978.5000,100.0000,97.8618,98.1109,97.4802,98.1483
979.0000,100.0000,97.8763,98.1205,97.4931,98.1563
979.5000,100.0000,97.8763,98.1205,97.4931,98.1563
980.0000,100.0000,97.8763,98.1205,97.4931,98.1563
980.5000,100.0000,97.8892,98.1300,97.5052,98.1620
981.0000,100.0000,97.8892,98.1300,97.5052,98.1620
981.5000,100.0000,97.9033,98.1388,97.5258,98.1754
982.0000,100.0000,97.9033,98.1388,97.5258,98.1754
982.5000,100.0000,97.9197,98.1474,97.5447,98.1833
983.0000,100.0000,97.9197,98.1474,97.5447,98.1833
983.5000,100.0000,97.9353,98.1595,97.5612,98.1911
984.0000,100.0000,97.9353,98.1595,97.5612,98.1911
984.5000,100.0000,97.9525,98.1729,97.5725,98.1976
985.0000,100.0000,97.9525,98.1729,97.5725,98.1976
985.5000,100.0000,97.9525,98.1729,97.5725,98.1976
986.0000,100.0000,97.9657,98.1831,97.5922,98.2111
986.5000,100.0000,97.9657,98.1831,97.5922,98.2111
987.0000,100.0000,97.9804,98.1950,97.6090,98.2204
987.5000,100.0000,97.9804,98.1950,97.6090,98.2204
988.0000,100.0000,97.9961,98.2050,97.6222,98.2281
988.5000,100.0000,97.9961,98.2050,97.6222,98.2281
989.0000,100.0000,98.0109,98.2146,97.6334,98.2332
989.5000,100.0000,98.0109,98.2146,97.6334,98.2332
990.0000,100.0000,98.0241,98.2263,97.6520,98.2461
990.5000,100.0000,98.0241,98.2263,97.6520,98.2461
991.0000,100.0000,98.0384,98.2350,97.6695,98.2562
991.5000,100.0000,98.0384,98.2350,97.6695,98.2562
992.0000,100.0000,98.0384,98.2350,97.6695,98.2562
992.5000,100.0000,98.0551,98.2449,97.6828,98.2637
993.0000,100.0000,98.0551,98.2449,97.6828,98.2637
993.5000,100.0000,98.0662,98.2538,97.6920,98.2697
994.0000,100.0000,98.0662,98.2538,97.6920,98.2697
994.5000,100.0000,98.0811,98.2617,97.7151,98.2831
995.0000,100.0000,98.0811,98.2617,97.7151,98.2831
995.5000,100.0000,98.0953,98.2705,97.7328,98.2915
996.0000,100.0000,98.0953,98.2705,97.7328,98.2915
996.5000,100.0000,98.1075,98.2793,97.7499,98.2979
997.0000,100.0000,98.1075,98.2793,97.7499,98.2979
997.5000,100.0000,98.1075,98.2793,97.7499,98.2979
998.0000,100.0000,98.1202,98.2870,97.7626,98.3047
998.5000,100.0000,98.1202,98.2870,97.7626,98.3047
999.0000,100.0000,98.1337,98.2957,97.7822,98.3160
999.5000,100.0000,98.1337,98.2957,97.7822,98.3160
1000.0000,100.0000,98.1464,98.3038,97.8009,98.3265
1000.5000,100.0000,98.1464,98.3038,97.8009,98.3265
1001.0000,100.0000,98.1590,98.3141,97.8146,98.3349
1001.5000,100.0000,98.1590,98.3141,97.8146,98.3349
1002.0000,100.0000,98.1722,98.3242,97.8276,98.3410
1002.5000,100.0000,98.1722,98.3242,97.8276,98.3410
1003.0000,100.0000,98.1842,98.3337,97.8461,98.3535
1003.5000,100.0000,98.1842,98.3337,97.8461,98.3535
1004.0000,100.0000,98.1842,98.3337,97.8461,98.3535
1004.5000,100.0000,98.1995,98.3428,97.8637,98.3635
1005.0000,100.0000,98.1995,98.3428,97.8637,98.3635
1005.5000,100.0000,98.2114,98.3529,97.8764,98.3703
1006.0000,100.0000,98.2114,98.3529,97.8764,98.3703
1006.5000,100.0000,98.2259,98.3623,97.8888,98.3764
1007.0000,100.0000,98.2259,98.3623,97.8888,98.3764
1007.5000,100.0000,98.2406,98.3697,97.9059,98.3905
1008.0000,100.0000,98.2406,98.3697,97.9059,98.3905
1008.5000,100.0000,98.2538,98.3769,97.9207,98.3978
1009.0000,100.0000,98.2538,98.3769,97.9207,98.3978
1009.5000,100.0000,98.2695,98.3878,97.9352,98.4060
1010.0000,100.0000,98.2695,98.3878,97.9352,98.4060
1010.5000,100.0000,98.2695,98.3878,97.9352,98.4060
1011.0000,100.0000,98.2833,98.3966,97.9468,98.4111
1011.5000,100.0000,98.2833,98.3966,97.9468,98.4111
1012.0000,100.0000,98.2952,98.4076,97.9658,98.4240
1012.5000,100.0000,98.2952,98.4076,97.9658,98.4240
1013.0000,100.0000,98.3091,98.4169,97.9833,98.4308
1013.5000,100.0000,98.3091,98.4169,97.9833,98.4308
1014.0000,100.0000,98.3246,98.4286,97.9982,98.4381
1014.5000,100.0000,98.3246,98.4286,97.9982,98.4381
1015.0000,100.0000,98.3392,98.4377,98.0105,98.4437
1015.5000,100.0000,98.3392,98.4377,98.0105,98.4437
1016.0000,100.0000,98.3392,98.4377,98.0105,98.4437
1016.5000,100.0000,98.3549,98.4486,98.0293,98.4554
1017.0000,100.0000,98.3549,98.4486,98.0293,98.4554
1017.5000,100.0000,98.3685,98.4575,98.0429,98.4641
1018.0000,100.0000,98.3685,98.4575,98.0429,98.4641
1018.5000,100.0000,98.3844,98.4669,98.0563,98.4693
1019.0000,100.0000,98.3844,98.4669,98.0563,98.4693
1019.5000,100.0000,98.3977,98.4756,98.0682,98.4737
1020.0000,100.0000,98.3977,98.4756,98.0682,98.4737
1020.5000,100.0000,98.4119,98.4874,98.0900,98.4859
1021.0000,100.0000,98.4119,98.4874,98.0900,98.4859
1021.5000,100.0000,98.4277,98.4978,98.1066,98.4952
1022.0000,100.0000,98.4277,98.4978,98.1066,98.4952
1022.5000,100.0000,98.4277,98.4978,98.1066,98.4952
1023.0000,100.0000,98.4406,98.5083,98.1205,98.5033
1023.5000,100.0000,98.4406,98.5083,98.1205,98.5033
1024.0000,100.0000,98.4540,98.5172,98.1306,98.5078
1024.5000,100.0000,98.4540,98.5172,98.1306,98.5078
1025.0000,100.0000,98.4672,98.5271,98.1506,98.5187
1025.5000,100.0000,98.4672,98.5271,98.1506,98.5187
1026.0000,100.0000,98.4797,98.5364,98.1668,98.5255
1026.5000,100.0000,98.4797,98.5364,98.1668,98.5255
1027.0000,100.0000,98.4928,98.5455,98.1780,98.5328
1027.5000,100.0000,98.4928,98.5455,98.1780,98.5328
1028.0000,100.0000,98.4928,98.5455,98.1780,98.5328
1028.5000,100.0000,98.5058,98.5541,98.1885,98.5386
1029.0000,100.0000,98.5058,98.5541,98.1885,98.5386
1029.5000,100.0000,98.5175,98.5623,98.2078,98.5517
1030.0000,100.0000,98.5175,98.5623,98.2078,98.5517
1030.5000,100.0000,98.5335,98.5706,98.2238,98.5600
1031.0000,100.0000,98.5335,98.5706,98.2238,98.5600
1031.5000,100.0000,98.5440,98.5779,98.2349,98.5670
1032.0000,100.0000,98.5440,98.5779,98.2349,98.5670
1032.5000,100.0000,98.5568,98.5868,98.2436,98.5711
1033.0000,100.0000,98.5568,98.5868,98.2436,98.5711
1033.5000,100.0000,98.5687,98.5951,98.2613,98.5823
1034.0000,100.0000,98.5687,98.5951,98.2613,98.5823
1034.5000,100.0000,98.5687,98.5951,98.2613,98.5823
1035.0000,100.0000,98.5821,98.6031,98.2764,98.5896
1035.5000,100.0000,98.5821,98.6031,98.2764,98.5896
1036.0000,100.0000,98.5941,98.6114,98.2872,98.5955
1036.5000,100.0000,98.5941,98.6114,98.2872,98.5955
1037.0000,100.0000,98.6081,98.6217,98.2982,98.6009
1037.5000,100.0000,98.6081,98.6217,98.2982,98.6009
1038.0000,100.0000,98.6239,98.6315,98.3162,98.6133
1038.5000,100.0000,98.6239,98.6315,98.3162,98.6133
1039.0000,100.0000,98.6340,98.6396,98.3300,98.6237
1039.5000,100.0000,98.6340,98.6396,98.3300,98.6237
1040.0000,100.0000,98.6457,98.6479,98.3436,98.6290
1040.5000,100.0000,98.6457,98.6479,98.3436,98.6290
1041.0000,100.0000,98.6457,98.6479,98.3436,98.6290
1041.5000,100.0000,98.6609,98.6578,98.3554,98.6349
1042.0000,100.0000,98.6609,98.6578,98.3554,98.6349
1042.5000,100.0000,98.6736,98.6684,98.3745,98.6450
1043.0000,100.0000,98.6736,98.6684,98.3745,98.6450
1043.5000,100.0000,98.6859,98.6760,98.3867,98.6520
1044.0000,100.0000,98.6859,98.6760,98.3867,98.6520
1044.5000,100.0000,98.6978,98.6834,98.4004,98.6571
1045.0000,100.0000,98.6978,98.6834,98.4004,98.6571
1045.5000,100.0000,98.7103,98.6928,98.4105,98.6613
1046.0000,100.0000,98.7103,98.6928,98.4105,98.6613
1046.5000,100.0000,98.7103,98.6928,98.4105,98.6613
1047.0000,100.0000,98.7210,98.6993,98.4289,98.6707
1047.5000,100.0000,98.7210,98.6993,98.4289,98.6707
1048.0000,100.0000,98.7315,98.7074,98.4428,98.6776
1048.5000,100.0000,98.7315,98.7074,98.4428,98.6776
1049.0000,100.0000,98.7459,98.7146,98.4563,98.6847
1049.5000,100.0000,98.7459,98.7146,98.4563,98.6847
1050.0000,100.0000,98.7548,98.7240,98.4658,98.6894
1050.5000,100.0000,98.7548,98.7240,98.4658,98.6894
1051.0000,100.0000,98.7634,98.7325,98.4864,98.6998
1051.5000,100.0000,98.7634,98.7325,98.4864,98.6998
1052.0000,100.0000,98.7743,98.7426,98.5004,98.7083
1052.5000,100.0000,98.7743,98.7426,98.5004,98.7083
1053.0000,100.0000,98.7743,98.7426,98.5004,98.7083
1053.5000,100.0000,98.7863,98.7514,98.5120,98.7140
1054.0000,100.0000,98.7863,98.7514,98.5120,98.7140
1054.5000,100.0000,98.7953,98.7587,98.5227,98.7187
1055.0000,100.0000,98.7953,98.7587,98.5227,98.7187
1055.5000,100.0000,98.8032,98.7656,98.5388,98.7277
1056.0000,100.0000,98.8032,98.7656,98.5388,98.7277
1056.5000,100.0000,98.8130,98.7746,98.5525,98.7348
1057.0000,100.0000,98.8130,98.7746,98.5525,98.7348
1057.5000,100.0000,98.8220,98.7831,98.5655,98.7422
1058.0000,100.0000,98.8220,98.7831,98.5655,98.7422
1058.5000,100.0000,98.8220,98.7831,98.5655,98.7422
1059.0000,100.0000,98.8299,98.7914,98.5766,98.7473
1059.5000,100.0000,98.8299,98.7914,98.5766,98.7473
1060.0000,100.0000,98.8400,98.7991,98.5941,98.7563
1060.5000,100.0000,98.8400,98.7991,98.5941,98.7563
1061.0000,100.0000,98.8476,98.8067,98.6087,98.7614
1061.5000,100.0000,98.8476,98.8067,98.6087,98.7614
1062.0000,100.0000,98.8577,98.8125,98.6189,98.7665
1062.5000,100.0000,98.8577,98.8125,98.6189,98.7665
1063.0000,100.0000,98.8681,98.8195,98.6275,98.7702
1063.5000,100.0000,98.8681,98.8195,98.6275,98.7702
1064.0000,100.0000,98.8765,98.8278,98.6444,98.7778
1064.5000,100.0000,98.8765,98.8278,98.6444,98.7778
1065.0000,100.0000,98.8765,98.8278,98.6444,98.7778
1065.5000,100.0000,98.8838,98.8358,98.6559,98.7854
1066.0000,100.0000,98.8838,98.8358,98.6559,98.7854
1066.5000,100.0000,98.8920,98.8438,98.6649,98.7918
1067.0000,100.0000,98.8920,98.8438,98.6649,98.7918
1067.5000,100.0000,98.9017,98.8510,98.6735,98.7960
1068.0000,100.0000,98.9017,98.8510,98.6735,98.7960
1068.5000,100.0000,98.9081,98.8586,98.6899,98.8042
1069.0000,100.0000,98.9081,98.8586,98.6899,98.8042
1069.5000,100.0000,98.9151,98.8654,98.7009,98.8121
1070.0000,100.0000,98.9151,98.8654,98.7009,98.8121
1070.5000,100.0000,98.9234,98.8731,98.7114,98.8191
1071.0000,100.0000,98.9234,98.8731,98.7114,98.8191
1071.5000,100.0000,98.9234,98.8731,98.7114,98.8191
1072.0000,100.0000,98.9318,98.8799,98.7191,98.8230
1072.5000,100.0000,98.9318,98.8799,98.7191,98.8230
1073.0000,100.0000,98.9383,98.8857,98.7348,98.8317
1073.5000,100.0000,98.9383,98.8857,98.7348,98.8317
1074.0000,100.0000,98.9468,98.8916,98.7479,98.8390
1074.5000,100.0000,98.9468,98.8916,98.7479,98.8390
1075.0000,100.0000,98.9562,98.8996,98.7575,98.8440
1075.5000,100.0000,98.9562,98.8996,98.7575,98.8440
1076.0000,100.0000,98.9652,98.9081,98.7646,98.8477
1076.5000,100.0000,98.9652,98.9081,98.7646,98.8477
1077.0000,100.0000,98.9652,98.9081,98.7646,98.8477
1077.5000,100.0000,98.9713,98.9145,98.7785,98.8579
1078.0000,100.0000,98.9713,98.9145,98.7785,98.8579
1078.5000,100.0000,98.9791,98.9209,98.7915,98.8641
1079.0000,100.0000,98.9791,98.9209,98.7915,98.8641
1079.5000,100.0000,98.9870,98.9285,98.8010,98.8683
1080.0000,100.0000,98.9870,98.9285,98.8010,98.8683
1080.5000,100.0000,98.9925,98.9379,98.8079,98.8730
1081.0000,100.0000,98.9925,98.9379,98.8079,98.8730
1081.5000,100.0000,99.0013,98.9444,98.8226,98.8846
1082.0000,100.0000,99.0013,98.9444,98.8226,98.8846
1082.5000,100.0000,99.0073,98.9497,98.8339,98.8916
1083.0000,100.0000,99.0073,98.9497,98.8339,98.8916
1083.5000,100.0000,99.0073,98.9497,98.8339,98.8916
1084.0000,100.0000,99.0115,98.9554,98.8421,98.8969
1084.5000,100.0000,99.0115,98.9554,98.8421,98.8969
1085.0000,100.0000,99.0173,98.9612,98.8493,98.9008
1085.5000,100.0000,99.0173,98.9612,98.8493,98.9008
1086.0000,100.0000,99.0232,98.9654,98.8643,98.9101
1086.5000,100.0000,99.0232,98.9654,98.8643,98.9101
1087.0000,100.0000,99.0300,98.9713,98.8744,98.9150
1087.5000,100.0000,99.0300,98.9713,98.8744,98.9150
1088.0000,100.0000,99.0350,98.9764,98.8808,98.9188
1088.5000,100.0000,99.0350,98.9764,98.8808,98.9188
1089.0000,100.0000,99.0413,98.9825,98.8868,98.9226
1089.5000,100.0000,99.0413,98.9825,98.8868,98.9226
1090.0000,100.0000,99.0413,98.9825,98.8868,98.9226
1090.5000,100.0000,99.0478,98.9867,98.9017,98.9324
1091.0000,100.0000,99.0478,98.9867,98.9017,98.9324
1091.5000,100.0000,99.0551,98.9916,98.9112,98.9385
1092.0000,100.0000,99.0551,98.9916,98.9112,98.9385
1092.5000,100.0000,99.0613,98.9968,98.9180,98.9426
1093.0000,100.0000,99.0613,98.9968,98.9180,98.9426
1093.5000,100.0000,99.0672,99.0007,98.9238,98.9462
1094.0000,100.0000,99.0672,99.0007,98.9238,98.9462
1094.5000,100.0000,99.0729,99.0061,98.9348,98.9565
1095.0000,100.0000,99.0729,99.0061,98.9348,98.9565
1095.5000,100.0000,99.0729,99.0061,98.9348,98.9565
1096.0000,100.0000,99.0783,99.0111,98.9432,98.9616
1096.5000,100.0000,99.0783,99.0111,98.9432,98.9616
1097.0000,100.0000,99.0829,99.0160,98.9500,98.9651
1097.5000,100.0000,99.0829,99.0160,98.9500,98.9651
1098.0000,100.0000,99.0871,99.0213,98.9559,98.9690
1098.5000,100.0000,99.0871,99.0213,98.9559,98.9690
1099.0000,100.0000,99.0915,99.0261,98.9675,98.9764
1099.5000,100.0000,99.0915,99.0261,98.9675,98.9764
1100.0000,100.0000,99.0975,99.0322,98.9759,98.9809
1100.5000,100.0000,99.0975,99.0322,98.9759,98.9809
1101.0000,100.0000,99.1023,99.0382,98.9831,98.9854
1101.5000,100.0000,99.1023,99.0382,98.9831,98.9854
1102.0000,100.0000,99.1023,99.0382,98.9831,98.9854
1102.5000,100.0000,99.1062,99.0430,98.9876,98.9883
1103.0000,100.0000,99.1062,99.0430,98.9876,98.9883
1103.5000,100.0000,99.1116,99.0494,98.9995,98.9959
1104.0000,100.0000,99.1116,99.0494,98.9995,98.9959
1104.5000,100.0000,99.1161,99.0552,99.0078,99.0003
1105.0000,100.0000,99.1161,99.0552,99.0078,99.0003
1105.5000,100.0000,99.1209,99.0611,99.0147,99.0038
1106.0000,100.0000,99.1209,99.0611,99.0147,99.0038
1106.5000,100.0000,99.1251,99.0642,99.0194,99.0063
1107.0000,100.0000,99.1251,99.0642,99.0194,99.0063
1107.5000,100.0000,99.1251,99.0642,99.0194,99.0063
1108.0000,100.0000,99.1313,99.0692,99.0307,99.0138
1108.5000,100.0000,99.1313,99.0692,99.0307,99.0138
1109.0000,100.0000,99.1352,99.0747,99.0373,99.0200
1109.5000,100.0000,99.1352,99.0747,99.0373,99.0200
1110.0000,100.0000,99.1389,99.0791,99.0445,99.0243
1110.5000,100.0000,99.1389,99.0791,99.0445,99.0243
1111.0000,100.0000,99.1437,99.0836,99.0475,99.0265
1111.5000,100.0000,99.1437,99.0836,99.0475,99.0265
1112.0000,100.0000,99.1477,99.0882,99.0577,99.0324
1112.5000,100.0000,99.1477,99.0882,99.0577,99.0324
1113.0000,100.0000,99.1538,99.0916,99.0652,99.0383
1113.5000,100.0000,99.1538,99.0916,99.0652,99.0383
1114.0000,100.0000,99.1538,99.0916,99.0652,99.0383
1114.5000,100.0000,99.1580,99.0957,99.0700,99.0420
1115.0000,100.0000,99.1580,99.0957,99.0700,99.0420
1115.5000,100.0000,99.1615,99.0999,99.0738,99.0461
1116.0000,100.0000,99.1615,99.0999,99.0738,99.0461
1116.5000,100.0000,99.1660,99.1038,99.0817,99.0549
1117.0000,100.0000,99.1660,99.1038,99.0817,99.0549
1117.5000,100.0000,99.1701,99.1075,99.0882,99.0602
1118.0000,100.0000,99.1701,99.1075,99.0882,99.0602
1118.5000,100.0000,99.1744,99.1121,99.0931,99.0644
1119.0000,100.0000,99.1744,99.1121,99.0931,99.0644
1119.5000,100.0000,99.1785,99.1171,99.0972,99.0669
1120.0000,100.0000,99.1785,99.1171,99.0972,99.0669
1120.5000,100.0000,99.1785,99.1171,99.0972,99.0669
1121.0000,100.0000,99.1816,99.1220,99.1046,99.0740
1121.5000,100.0000,99.1816,99.1220,99.1046,99.0740
1122.0000,100.0000,99.1845,99.1253,99.1102,99.0771
1122.5000,100.0000,99.1845,99.1253,99.1102,99.0771
1123.0000,100.0000,99.1880,99.1309,99.1149,99.0807
1123.5000,100.0000,99.1880,99.1309,99.1149,99.0807
1124.0000,100.0000,99.1915,99.1351,99.1181,99.0846
1124.5000,100.0000,99.1915,99.1351,99.1181,99.0846
1125.0000,100.0000,99.1939,99.1387,99.1247,99.0908
1125.5000,100.0000,99.1939,99.1387,99.1247,99.0908
1126.0000,100.0000,99.1939,99.1387,99.1247,99.0908
1126.5000,100.0000,99.1979,99.1420,99.1300,99.0955
1127.0000,100.0000,99.1979,99.1420,99.1300,99.0955
1127.5000,100.0000,99.2009,99.1457,99.1354,99.0987
1128.0000,100.0000,99.2009,99.1457,99.1354,99.0987
1128.5000,100.0000,99.2042,99.1499,99.1386,99.1004
1129.0000,100.0000,99.2042,99.1499,99.1386,99.1004
1129.5000,100.0000,99.2070,99.1539,99.1439,99.1060
1130.0000,100.0000,99.2070,99.1539,99.1439,99.1060
1130.5000,100.0000,99.2092,99.1573,99.1488,99.1102
1131.0000,100.0000,99.2092,99.1573,99.1488,99.1102
1131.5000,100.0000,99.2118,99.1600,99.1534,99.1144
1132.0000,100.0000,99.2118,99.1600,99.1534,99.1144
1132.5000,100.0000,99.2118,99.1600,99.1534,99.1144
1133.0000,100.0000,99.2148,99.1639,99.1565,99.1156
1133.5000,100.0000,99.2148,99.1639,99.1565,99.1156
1134.0000,100.0000,99.2171,99.1670,99.1637,99.1205
1134.5000,100.0000,99.2171,99.1670,99.1637,99.1205
1135.0000,100.0000,99.2206,99.1704,99.1683,99.1243
1135.5000,100.0000,99.2206,99.1704,99.1683,99.1243
1136.0000,100.0000,99.2226,99.1744,99.1717,99.1304
1136.5000,100.0000,99.2226,99.1744,99.1717,99.1304
1137.0000,100.0000,99.2263,99.1775,99.1748,99.1337
1137.5000,100.0000,99.2263,99.1775,99.1748,99.1337
1138.0000,100.0000,99.2263,99.1775,99.1748,99.1337
1138.5000,100.0000,99.2294,99.1819,99.1813,99.1391
1139.0000,100.0000,99.2294,99.1819,99.1813,99.1391
1139.5000,100.0000,99.2320,99.1847,99.1862,99.1416
1140.0000,100.0000,99.2320,99.1847,99.1862,99.1416
1140.5000,100.0000,99.2340,99.1895,99.1889,99.1445
1141.0000,100.0000,99.2340,99.1895,99.1889,99.1445
1141.5000,100.0000,99.2360,99.1929,99.1915,99.1470
1142.0000,100.0000,99.2360,99.1929,99.1915,99.1470
1142.5000,100.0000,99.2384,99.1968,99.1977,99.1523
1143.0000,100.0000,99.2384,99.1968,99.1977,99.1523
1143.5000,100.0000,99.2401,99.2000,99.2012,99.1558
1144.0000,100.0000,99.2401,99.2000,99.2012,99.1558
1144.5000,100.0000,99.2401,99.2000,99.2012,99.1558
1145.0000,100.0000,99.2432,99.2044,99.2037,99.1611
1145.5000,100.0000,99.2432,99.2044,99.2037,99.1611
1146.0000,100.0000,99.2450,99.2078,99.2060,99.1640
1146.5000,100.0000,99.2450,99.2078,99.2060,99.1640
1147.0000,100.0000,99.2488,99.2103,99.2116,99.1681
1147.5000,100.0000,99.2488,99.2103,99.2116,99.1681
1148.0000,100.0000,99.2513,99.2134,99.2150,99.1712
1148.5000,100.0000,99.2513,99.2134,99.2150,99.1712
1149.0000,100.0000,99.2536,99.2162,99.2177,99.1733
1149.5000,100.0000,99.2536,99.2162,99.2177,99.1733
1150.0000,100.0000,99.2552,99.2185,99.2209,99.1755
1150.5000,100.0000,99.2552,99.2185,99.2209,99.1755
1151.0000,100.0000,99.2552,99.2185,99.2209,99.1755
1151.5000,100.0000,99.2575,99.2222,99.2259,99.1800
1152.0000,100.0000,99.2575,99.2222,99.2259,99.1800
1152.5000,100.0000,99.2597,99.2261,99.2294,99.1828
1153.0000,100.0000,99.2597,99.2261,99.2294,99.1828
1153.5000,100.0000,99.2614,99.2285,99.2326,99.1862
1154.0000,100.0000,99.2614,99.2285,99.2326,99.1862
1154.5000,100.0000,99.2642,99.2320,99.2344,99.1892
1155.0000,100.0000,99.2642,99.2320,99.2344,99.1892
1155.5000,100.0000,99.2665,99.2352,99.2375,99.1943
1156.0000,100.0000,99.2665,99.2352,99.2375,99.1943
1156.5000,100.0000,99.2665,99.2352,99.2375,99.1943
1157.0000,100.0000,99.2685,99.2381,99.2400,99.1969
1157.5000,100.0000,99.2685,99.2381,99.2400,99.1969
1158.0000,100.0000,99.2706,99.2403,99.2420,99.1999
1158.5000,100.0000,99.2706,99.2403,99.2420,99.1999
1159.0000,100.0000,99.2726,99.2423,99.2443,99.2033
1159.5000,100.0000,99.2726,99.2423,99.2443,99.2033
1160.0000,100.0000,99.2744,99.2446,99.2493,99.2104
1160.5000,100.0000,99.2744,99.2446,99.2493,99.2104
1161.0000,100.0000,99.2766,99.2484,99.2530,99.2142
1161.5000,100.0000,99.2766,99.2484,99.2530,99.2142
1162.0000,100.0000,99.2786,99.2511,99.2552,99.2181
1162.5000,100.0000,99.2786,99.2511,99.2552,99.2181
1163.0000,100.0000,99.2786,99.2511,99.2552,99.2181
1163.5000,100.0000,99.2802,99.2535,99.2569,99.2199
1164.0000,100.0000,99.2802,99.2535,99.2569,99.2199
1164.5000,100.0000,99.2819,99.2562,99.2605,99.2232
1165.0000,100.0000,99.2819,99.2562,99.2605,99.2232
1165.5000,100.0000,99.2836,99.2601,99.2632,99.2254
1166.0000,100.0000,99.2836,99.2601,99.2632,99.2254
1166.5000,100.0000,99.2856,99.2642,99.2656,99.2285
1167.0000,100.0000,99.2856,99.2642,99.2656,99.2285
1167.5000,100.0000,99.2876,99.2659,99.2673,99.2302
1168.0000,100.0000,99.2876,99.2659,99.2673,99.2302
1168.5000,100.0000,99.2876,99.2659,99.2673,99.2302
1169.0000,100.0000,99.2887,99.2679,99.2717,99.2333
1169.5000,100.0000,99.2887,99.2679,99.2717,99.2333
1170.0000,100.0000,99.2903,99.2712,99.2746,99.2359
1170.5000,100.0000,99.2903,99.2712,99.2746,99.2359
1171.0000,100.0000,99.2929,99.2741,99.2754,99.2379
1171.5000,100.0000,99.2929,99.2741,99.2754,99.2379
1172.0000,100.0000,99.2946,99.2755,99.2777,99.2392
1172.5000,100.0000,99.2946,99.2755,99.2777,99.2392
1173.0000,100.0000,99.2965,99.2781,99.2813,99.2433
1173.5000,100.0000,99.2965,99.2781,99.2813,99.2433
1174.0000,100.0000,99.2976,99.2814,99.2840,99.2469
1174.5000,100.0000,99.2976,99.2814,99.2840,99.2469
1175.0000,100.0000,99.2976,99.2814,99.2840,99.2469
1175.5000,100.0000,99.2991,99.2850,99.2850,99.2488
1176.0000,100.0000,99.2991,99.2850,99.2850,99.2488
1176.5000,100.0000,99.3012,99.2884,99.2866,99.2508
1177.0000,100.0000,99.3012,99.2884,99.2866,99.2508
1177.5000,100.0000,99.3022,99.2902,99.2895,99.2553
1178.0000,100.0000,99.3022,99.2902,99.2895,99.2553
1178.5000,100.0000,99.3035,99.2919,99.2917,99.2596
1179.0000,100.0000,99.3035,99.2919,99.2917,99.2596
1179.5000,100.0000,99.3056,99.2939,99.2937,99.2621
1180.0000,100.0000,99.3056,99.2939,99.2937,99.2621
1180.5000,100.0000,99.3069,99.2958,99.2943,99.2641
1181.0000,100.0000,99.3069,99.2958,99.2943,99.2641
1181.5000,100.0000,99.3069,99.2958,99.2943,99.2641
1182.0000,100.0000,99.3081,99.2982,99.2964,99.2679
1182.5000,100.0000,99.3081,99.2982,99.2964,99.2679
1183.0000,100.0000,99.3102,99.3010,99.2998,99.2722
1183.5000,100.0000,99.3102,99.3010,99.2998,99.2722
1184.0000,100.0000,99.3114,99.3037,99.3013,99.2744
1184.5000,100.0000,99.3114,99.3037,99.3013,99.2744
1185.0000,100.0000,99.3128,99.3050,99.3021,99.2757
1185.5000,100.0000,99.3128,99.3050,99.3021,99.2757
1186.0000,100.0000,99.3142,99.3065,99.3049,99.2800
1186.5000,100.0000,99.3142,99.3065,99.3049,99.2800
1187.0000,100.0000,99.3142,99.3065,99.3049,99.2800
1187.5000,100.0000,99.3154,99.3080,99.3059,99.2822
1188.0000,100.0000,99.3154,99.3080,99.3059,99.2822
1188.5000,100.0000,99.3168,99.3098,99.3073,99.2846
1189.0000,100.0000,99.3168,99.3098,99.3073,99.2846
1189.5000,100.0000,99.3185,99.3109,99.3085,99.2862
1190.0000,100.0000,99.3185,99.3109,99.3085,99.2862
1190.5000,100.0000,99.3201,99.3121,99.3107,99.2902
1191.0000,100.0000,99.3201,99.3121,99.3107,99.2902
1191.5000,100.0000,99.3218,99.3134,99.3124,99.2935
1192.0000,100.0000,99.3218,99.3134,99.3124,99.2935
1192.5000,100.0000,99.3229,99.3160,99.3149,99.2957
1193.0000,100.0000,99.3229,99.3160,99.3149,99.2957
1193.5000,100.0000,99.3229,99.3160,99.3149,99.2957
1194.0000,100.0000,99.3238,99.3188,99.3166,99.2976
1194.5000,100.0000,99.3238,99.3188,99.3166,99.2976
1195.0000,100.0000,99.3244,99.3208,99.3192,99.3021
1195.5000,100.0000,99.3244,99.3208,99.3192,99.3021
1196.0000,100.0000,99.3258,99.3236,99.3206,99.3047
1196.5000,100.0000,99.3258,99.3236,99.3206,99.3047
1197.0000,100.0000,99.3266,99.3255,99.3222,99.3059
1197.5000,100.0000,99.3266,99.3255,99.3222,99.3059
1198.0000,100.0000,99.3282,99.3283,99.3232,99.3075
1198.5000,100.0000,99.3282,99.3283,99.3232,99.3075
1199.0000,100.0000,99.3282,99.3283,99.3232,99.3075
1199.5000,100.0000,99.3293,99.3302,99.3252,99.3106
1200.0000,100.0000,99.3293,99.3302,99.3252,99.3106
